Already up to date
Done in 704ms using pnpm v11.16.0
$ tsx watch --env-file=.env src/server/index.ts
[2026-08-03 13:06:16.672 +0700] [32mINFO[39m: [36mServer running on port 3001[39m
    [35mport[39m: 3001
[2026-08-03 13:06:35.065 +0700] [32mINFO[39m: [36mrequest completed[39m
    [35mreq[39m: {
      "id": "ffefc777-4d5f-4bcf-a432-9ca8cfebaf90",
      "method": "POST",
      "url": "/api/auth/login",
      "query": {},
      "params": {},
      "headers": {
        "user-agent": "Mozilla/5.0 (Windows NT; Windows NT 10.0; en-US) WindowsPowerShell/5.1.26100.8875",
        "content-type": "application/json",
        "host": "localhost:3001",
        "content-length": "59",
        "expect": "100-continue",
        "connection": "Keep-Alive"
      },
      "remoteAddress": "::1",
      "remotePort": 53235
    }
    [35mres[39m: {
      "statusCode": 200,
      "headers": {
        "content-security-policy": "default-src 'self';base-uri 'self';font-src 'self' https: data:;form-action 'self';frame-ancestors 'self';img-src 'self' data:;object-src 'none';script-src 'self';script-src-attr 'none';style-src 'self' https: 'unsafe-inline';upgrade-insecure-requests",
        "cross-origin-opener-policy": "same-origin",
        "cross-origin-resource-policy": "cross-origin",
        "origin-agent-cluster": "?1",
        "referrer-policy": "no-referrer",
        "strict-transport-security": "max-age=31536000; includeSubDomains",
        "x-content-type-options": "nosniff",
        "x-dns-prefetch-control": "off",
        "x-download-options": "noopen",
        "x-frame-options": "DENY",
        "x-permitted-cross-domain-policies": "none",
        "x-xss-protection": "0",
        "access-control-allow-origin": "http://localhost:3000",
        "vary": "Origin, Accept-Encoding",
        "access-control-allow-credentials": "true",
        "ratelimit-policy": "20;w=900",
        "ratelimit-limit": "20",
        "ratelimit-remaining": "19",
        "ratelimit-reset": "900",
        "content-type": "application/json; charset=utf-8",
        "content-length": "795",
        "etag": "W/\"31b-A9Rj9+HRboikpA6po76grUj0dmo\""
      }
    }
    [35mresponseTime[39m: 294
[2026-08-03 13:06:35.294 +0700] [32mINFO[39m: [36mrequest completed[39m
    [35mreq[39m: {
      "id": "4d3c3de6-1424-4b1a-b536-84ea38e797c0",
      "method": "GET",
      "url": "/api/test-cases",
      "query": {},
      "params": {},
      "headers": {
        "authorization": "[REDACTED]",
        "user-agent": "Mozilla/5.0 (Windows NT; Windows NT 10.0; en-US) WindowsPowerShell/5.1.26100.8875",
        "host": "localhost:3001"
      },
      "remoteAddress": "::1",
      "remotePort": 53235
    }
    [35mres[39m: {
      "statusCode": 200,
      "headers": {
        "content-security-policy": "default-src 'self';base-uri 'self';font-src 'self' https: data:;form-action 'self';frame-ancestors 'self';img-src 'self' data:;object-src 'none';script-src 'self';script-src-attr 'none';style-src 'self' https: 'unsafe-inline';upgrade-insecure-requests",
        "cross-origin-opener-policy": "same-origin",
        "cross-origin-resource-policy": "cross-origin",
        "origin-agent-cluster": "?1",
        "referrer-policy": "no-referrer",
        "strict-transport-security": "max-age=31536000; includeSubDomains",
        "x-content-type-options": "nosniff",
        "x-dns-prefetch-control": "off",
        "x-download-options": "noopen",
        "x-frame-options": "DENY",
        "x-permitted-cross-domain-policies": "none",
        "x-xss-protection": "0",
        "access-control-allow-origin": "http://localhost:3000",
        "vary": "Origin, Accept-Encoding",
        "access-control-allow-credentials": "true",
        "ratelimit-policy": "100;w=900",
        "ratelimit-limit": "100",
        "ratelimit-remaining": "98",
        "ratelimit-reset": "900",
        "content-type": "application/json; charset=utf-8",
        "content-length": "2878",
        "etag": "W/\"b3e-tIYOobKyxmKG9sHv4TuPuYJcdGU\""
      }
    }
    [35mresponseTime[39m: 56
[2026-08-03 13:06:35.318 +0700] [32mINFO[39m: [36mrequest completed[39m
    [35mreq[39m: {
      "id": "5105812e-7d73-4295-8612-a7aa417dda55",
      "method": "POST",
      "url": "/api/test-cases/$(Get-Content%20-Raw%20$null)",
      "query": {},
      "params": {},
      "headers": {
        "authorization": "[REDACTED]",
        "user-agent": "Mozilla/5.0 (Windows NT; Windows NT 10.0; en-US) WindowsPowerShell/5.1.26100.8875",
        "content-type": "application/json",
        "host": "localhost:3001",
        "content-length": "17",
        "expect": "100-continue"
      },
      "remoteAddress": "::1",
      "remotePort": 53235
    }
    [35mres[39m: {
      "statusCode": 404,
      "headers": {
        "content-security-policy": "default-src 'none'",
        "cross-origin-opener-policy": "same-origin",
        "cross-origin-resource-policy": "cross-origin",
        "origin-agent-cluster": "?1",
        "referrer-policy": "no-referrer",
        "strict-transport-security": "max-age=31536000; includeSubDomains",
        "x-content-type-options": "nosniff",
        "x-dns-prefetch-control": "off",
        "x-download-options": "noopen",
        "x-frame-options": "DENY",
        "x-permitted-cross-domain-policies": "none",
        "x-xss-protection": "0",
        "access-control-allow-origin": "http://localhost:3000",
        "vary": "Origin, Accept-Encoding",
        "access-control-allow-credentials": "true",
        "ratelimit-policy": "100;w=900",
        "ratelimit-limit": "100",
        "ratelimit-remaining": "97",
        "ratelimit-reset": "900",
        "content-type": "text/html; charset=utf-8",
        "content-length": 184
      }
    }
    [35mresponseTime[39m: 10
[2026-08-03 13:06:53.745 +0700] [32mINFO[39m: [36mrequest completed[39m
    [35mreq[39m: {
      "id": "e2a942ec-c71d-43fc-acca-e126a0e385fd",
      "method": "POST",
      "url": "/api/auth/login",
      "query": {},
      "params": {},
      "headers": {
        "user-agent": "Mozilla/5.0 (Windows NT; Windows NT 10.0; en-US) WindowsPowerShell/5.1.26100.8875",
        "content-type": "application/json",
        "host": "localhost:3001",
        "content-length": "59",
        "expect": "100-continue",
        "connection": "Keep-Alive"
      },
      "remoteAddress": "::1",
      "remotePort": 53239
    }
    [35mres[39m: {
      "statusCode": 200,
      "headers": {
        "content-security-policy": "default-src 'self';base-uri 'self';font-src 'self' https: data:;form-action 'self';frame-ancestors 'self';img-src 'self' data:;object-src 'none';script-src 'self';script-src-attr 'none';style-src 'self' https: 'unsafe-inline';upgrade-insecure-requests",
        "cross-origin-opener-policy": "same-origin",
        "cross-origin-resource-policy": "cross-origin",
        "origin-agent-cluster": "?1",
        "referrer-policy": "no-referrer",
        "strict-transport-security": "max-age=31536000; includeSubDomains",
        "x-content-type-options": "nosniff",
        "x-dns-prefetch-control": "off",
        "x-download-options": "noopen",
        "x-frame-options": "DENY",
        "x-permitted-cross-domain-policies": "none",
        "x-xss-protection": "0",
        "access-control-allow-origin": "http://localhost:3000",
        "vary": "Origin, Accept-Encoding",
        "access-control-allow-credentials": "true",
        "ratelimit-policy": "20;w=900",
        "ratelimit-limit": "20",
        "ratelimit-remaining": "18",
        "ratelimit-reset": "882",
        "content-type": "application/json; charset=utf-8",
        "content-length": "795",
        "etag": "W/\"31b-dKLwCyov5iM/kk5KjQ7Stvj1Vsw\""
      }
    }
    [35mresponseTime[39m: 120
[2026-08-03 13:06:53.814 +0700] [32mINFO[39m: [36mrequest completed[39m
    [35mreq[39m: {
      "id": "78b74cf4-3f99-4a42-94f9-f7a184301669",
      "method": "GET",
      "url": "/api/test-cases?include=steps",
      "query": {
        "include": "steps"
      },
      "params": {},
      "headers": {
        "authorization": "[REDACTED]",
        "user-agent": "Mozilla/5.0 (Windows NT; Windows NT 10.0; en-US) WindowsPowerShell/5.1.26100.8875",
        "host": "localhost:3001"
      },
      "remoteAddress": "::1",
      "remotePort": 53239
    }
    [35mres[39m: {
      "statusCode": 200,
      "headers": {
        "content-security-policy": "default-src 'self';base-uri 'self';font-src 'self' https: data:;form-action 'self';frame-ancestors 'self';img-src 'self' data:;object-src 'none';script-src 'self';script-src-attr 'none';style-src 'self' https: 'unsafe-inline';upgrade-insecure-requests",
        "cross-origin-opener-policy": "same-origin",
        "cross-origin-resource-policy": "cross-origin",
        "origin-agent-cluster": "?1",
        "referrer-policy": "no-referrer",
        "strict-transport-security": "max-age=31536000; includeSubDomains",
        "x-content-type-options": "nosniff",
        "x-dns-prefetch-control": "off",
        "x-download-options": "noopen",
        "x-frame-options": "DENY",
        "x-permitted-cross-domain-policies": "none",
        "x-xss-protection": "0",
        "access-control-allow-origin": "http://localhost:3000",
        "vary": "Origin, Accept-Encoding",
        "access-control-allow-credentials": "true",
        "ratelimit-policy": "100;w=900",
        "ratelimit-limit": "100",
        "ratelimit-remaining": "95",
        "ratelimit-reset": "882",
        "content-type": "application/json; charset=utf-8",
        "content-length": "2878",
        "etag": "W/\"b3e-8AAxsOCSl7Otx1xC6UXFIIyLzfI\""
      }
    }
    [35mresponseTime[39m: 11
[2026-08-03 13:06:56.801 +0700] [32mINFO[39m: [36mrequest completed[39m
    [35mreq[39m: {
      "id": "fd4d5991-5cc8-45fa-8bf5-610ba51ccbf9",
      "method": "POST",
      "url": "/api/auth/login",
      "query": {},
      "params": {},
      "headers": {
        "host": "localhost:3001",
        "connection": "keep-alive",
        "content-length": "59",
        "sec-ch-ua-platform": "\"Windows\"",
        "user-agent": "Mozilla/5.0 (Windows NT 10.0; Win64; x64) AppleWebKit/537.36 (KHTML, like Gecko) HeadlessChrome/151.0.7922.34 Safari/537.36",
        "accept": "application/json, text/plain, */*",
        "sec-ch-ua": "\"Not=A?Brand\";v=\"99\", \"HeadlessChrome\";v=\"151\", \"Chromium\";v=\"151\"",
        "content-type": "application/json",
        "sec-ch-ua-mobile": "?0",
        "origin": "http://localhost:3000",
        "sec-fetch-site": "same-site",
        "sec-fetch-mode": "cors",
        "sec-fetch-dest": "empty",
        "referer": "http://localhost:3000/",
        "accept-encoding": "gzip, deflate, br, zstd"
      },
      "remoteAddress": "::1",
      "remotePort": 60944
    }
    [35mres[39m: {
      "statusCode": 200,
      "headers": {
        "content-security-policy": "default-src 'self';base-uri 'self';font-src 'self' https: data:;form-action 'self';frame-ancestors 'self';img-src 'self' data:;object-src 'none';script-src 'self';script-src-attr 'none';style-src 'self' https: 'unsafe-inline';upgrade-insecure-requests",
        "cross-origin-opener-policy": "same-origin",
        "cross-origin-resource-policy": "cross-origin",
        "origin-agent-cluster": "?1",
        "referrer-policy": "no-referrer",
        "strict-transport-security": "max-age=31536000; includeSubDomains",
        "x-content-type-options": "nosniff",
        "x-dns-prefetch-control": "off",
        "x-download-options": "noopen",
        "x-frame-options": "DENY",
        "x-permitted-cross-domain-policies": "none",
        "x-xss-protection": "0",
        "access-control-allow-origin": "http://localhost:3000",
        "vary": "Origin, Accept-Encoding",
        "access-control-allow-credentials": "true",
        "ratelimit-policy": "20;w=900",
        "ratelimit-limit": "20",
        "ratelimit-remaining": "17",
        "ratelimit-reset": "879",
        "content-type": "application/json; charset=utf-8",
        "content-length": "795",
        "etag": "W/\"31b-lUez0HW7XSIHwwgviq99FE03kW0\""
      }
    }
    [35mresponseTime[39m: 133
[2026-08-03 13:06:57.164 +0700] [32mINFO[39m: [36mrequest completed[39m
    [35mreq[39m: {
      "id": "2a9e96cf-9a68-4429-ab95-a9f94e1aa732",
      "method": "GET",
      "url": "/api/auth/me",
      "query": {},
      "params": {},
      "headers": {
        "host": "localhost:3001",
        "connection": "keep-alive",
        "sec-ch-ua-platform": "\"Windows\"",
        "authorization": "[REDACTED]",
        "user-agent": "Mozilla/5.0 (Windows NT 10.0; Win64; x64) AppleWebKit/537.36 (KHTML, like Gecko) HeadlessChrome/151.0.7922.34 Safari/537.36",
        "accept": "application/json, text/plain, */*",
        "sec-ch-ua": "\"Not=A?Brand\";v=\"99\", \"HeadlessChrome\";v=\"151\", \"Chromium\";v=\"151\"",
        "sec-ch-ua-mobile": "?0",
        "origin": "http://localhost:3000",
        "sec-fetch-site": "same-site",
        "sec-fetch-mode": "cors",
        "sec-fetch-dest": "empty",
        "referer": "http://localhost:3000/",
        "accept-encoding": "gzip, deflate, br, zstd"
      },
      "remoteAddress": "::1",
      "remotePort": 60944
    }
    [35mres[39m: {
      "statusCode": 200,
      "headers": {
        "content-security-policy": "default-src 'self';base-uri 'self';font-src 'self' https: data:;form-action 'self';frame-ancestors 'self';img-src 'self' data:;object-src 'none';script-src 'self';script-src-attr 'none';style-src 'self' https: 'unsafe-inline';upgrade-insecure-requests",
        "cross-origin-opener-policy": "same-origin",
        "cross-origin-resource-policy": "cross-origin",
        "origin-agent-cluster": "?1",
        "referrer-policy": "no-referrer",
        "strict-transport-security": "max-age=31536000; includeSubDomains",
        "x-content-type-options": "nosniff",
        "x-dns-prefetch-control": "off",
        "x-download-options": "noopen",
        "x-frame-options": "DENY",
        "x-permitted-cross-domain-policies": "none",
        "x-xss-protection": "0",
        "access-control-allow-origin": "http://localhost:3000",
        "vary": "Origin, Accept-Encoding",
        "access-control-allow-credentials": "true",
        "ratelimit-policy": "20;w=900",
        "ratelimit-limit": "20",
        "ratelimit-remaining": "16",
        "ratelimit-reset": "878",
        "content-type": "application/json; charset=utf-8",
        "content-length": "286",
        "etag": "W/\"11e-Pk/ZGaoyLM6Wa5SlsBAfIN5mhnA\""
      }
    }
    [35mresponseTime[39m: 12
[2026-08-03 13:06:57.275 +0700] [32mINFO[39m: [36mrequest completed[39m
    [35mreq[39m: {
      "id": "d37dc8e0-b625-4610-91ac-60a5c170fdea",
      "method": "GET",
      "url": "/api/reports/overview",
      "query": {},
      "params": {},
      "headers": {
        "host": "localhost:3001",
        "connection": "keep-alive",
        "sec-ch-ua-platform": "\"Windows\"",
        "authorization": "[REDACTED]",
        "user-agent": "Mozilla/5.0 (Windows NT 10.0; Win64; x64) AppleWebKit/537.36 (KHTML, like Gecko) HeadlessChrome/151.0.7922.34 Safari/537.36",
        "accept": "application/json, text/plain, */*",
        "sec-ch-ua": "\"Not=A?Brand\";v=\"99\", \"HeadlessChrome\";v=\"151\", \"Chromium\";v=\"151\"",
        "sec-ch-ua-mobile": "?0",
        "origin": "http://localhost:3000",
        "sec-fetch-site": "same-site",
        "sec-fetch-mode": "cors",
        "sec-fetch-dest": "empty",
        "referer": "http://localhost:3000/",
        "accept-encoding": "gzip, deflate, br, zstd"
      },
      "remoteAddress": "::1",
      "remotePort": 60944
    }
    [35mres[39m: {
      "statusCode": 200,
      "headers": {
        "content-security-policy": "default-src 'self';base-uri 'self';font-src 'self' https: data:;form-action 'self';frame-ancestors 'self';img-src 'self' data:;object-src 'none';script-src 'self';script-src-attr 'none';style-src 'self' https: 'unsafe-inline';upgrade-insecure-requests",
        "cross-origin-opener-policy": "same-origin",
        "cross-origin-resource-policy": "cross-origin",
        "origin-agent-cluster": "?1",
        "referrer-policy": "no-referrer",
        "strict-transport-security": "max-age=31536000; includeSubDomains",
        "x-content-type-options": "nosniff",
        "x-dns-prefetch-control": "off",
        "x-download-options": "noopen",
        "x-frame-options": "DENY",
        "x-permitted-cross-domain-policies": "none",
        "x-xss-protection": "0",
        "access-control-allow-origin": "http://localhost:3000",
        "vary": "Origin, Accept-Encoding",
        "access-control-allow-credentials": "true",
        "ratelimit-policy": "100;w=900",
        "ratelimit-limit": "100",
        "ratelimit-remaining": "91",
        "ratelimit-reset": "878",
        "content-type": "application/json; charset=utf-8",
        "etag": "W/\"dfa-xHzb5g7TuWbwjKaTuPZjTy3s72A\"",
        "content-encoding": "br"
      }
    }
    [35mresponseTime[39m: 35
[2026-08-03 13:06:58.112 +0700] [32mINFO[39m: [36mrequest completed[39m
    [35mreq[39m: {
      "id": "c4aa050f-4ae6-42a5-b139-f22faa524d60",
      "method": "GET",
      "url": "/api/auth/me",
      "query": {},
      "params": {},
      "headers": {
        "host": "localhost:3001",
        "connection": "keep-alive",
        "sec-ch-ua-platform": "\"Windows\"",
        "authorization": "[REDACTED]",
        "user-agent": "Mozilla/5.0 (Windows NT 10.0; Win64; x64) AppleWebKit/537.36 (KHTML, like Gecko) HeadlessChrome/151.0.7922.34 Safari/537.36",
        "accept": "application/json, text/plain, */*",
        "sec-ch-ua": "\"Not=A?Brand\";v=\"99\", \"HeadlessChrome\";v=\"151\", \"Chromium\";v=\"151\"",
        "sec-ch-ua-mobile": "?0",
        "origin": "http://localhost:3000",
        "sec-fetch-site": "same-site",
        "sec-fetch-mode": "cors",
        "sec-fetch-dest": "empty",
        "referer": "http://localhost:3000/",
        "accept-encoding": "gzip, deflate, br, zstd",
        "if-none-match": "W/\"11e-Pk/ZGaoyLM6Wa5SlsBAfIN5mhnA\""
      },
      "remoteAddress": "::1",
      "remotePort": 60944
    }
    [35mres[39m: {
      "statusCode": 200,
      "headers": {
        "content-security-policy": "default-src 'self';base-uri 'self';font-src 'self' https: data:;form-action 'self';frame-ancestors 'self';img-src 'self' data:;object-src 'none';script-src 'self';script-src-attr 'none';style-src 'self' https: 'unsafe-inline';upgrade-insecure-requests",
        "cross-origin-opener-policy": "same-origin",
        "cross-origin-resource-policy": "cross-origin",
        "origin-agent-cluster": "?1",
        "referrer-policy": "no-referrer",
        "strict-transport-security": "max-age=31536000; includeSubDomains",
        "x-content-type-options": "nosniff",
        "x-dns-prefetch-control": "off",
        "x-download-options": "noopen",
        "x-frame-options": "DENY",
        "x-permitted-cross-domain-policies": "none",
        "x-xss-protection": "0",
        "access-control-allow-origin": "http://localhost:3000",
        "vary": "Origin, Accept-Encoding",
        "access-control-allow-credentials": "true",
        "ratelimit-policy": "20;w=900",
        "ratelimit-limit": "20",
        "ratelimit-remaining": "15",
        "ratelimit-reset": "877",
        "content-type": "application/json; charset=utf-8",
        "content-length": "286",
        "etag": "W/\"11e-CCt8lIl0RM6Ky3Z6kRzyMKU3ONU\""
      }
    }
    [35mresponseTime[39m: 12
[2026-08-03 13:06:59.090 +0700] [32mINFO[39m: [36mrequest completed[39m
    [35mreq[39m: {
      "id": "01818e14-a320-4c69-9f6e-a7ba3446a792",
      "method": "POST",
      "url": "/api/projects",
      "query": {},
      "params": {},
      "headers": {
        "host": "localhost:3001",
        "connection": "keep-alive",
        "content-length": "264",
        "sec-ch-ua-platform": "\"Windows\"",
        "authorization": "[REDACTED]",
        "user-agent": "Mozilla/5.0 (Windows NT 10.0; Win64; x64) AppleWebKit/537.36 (KHTML, like Gecko) HeadlessChrome/151.0.7922.34 Safari/537.36",
        "accept": "application/json, text/plain, */*",
        "sec-ch-ua": "\"Not=A?Brand\";v=\"99\", \"HeadlessChrome\";v=\"151\", \"Chromium\";v=\"151\"",
        "content-type": "application/json",
        "sec-ch-ua-mobile": "?0",
        "origin": "http://localhost:3000",
        "sec-fetch-site": "same-site",
        "sec-fetch-mode": "cors",
        "sec-fetch-dest": "empty",
        "referer": "http://localhost:3000/",
        "accept-encoding": "gzip, deflate, br, zstd"
      },
      "remoteAddress": "::1",
      "remotePort": 60944
    }
    [35mres[39m: {
      "statusCode": 201,
      "headers": {
        "content-security-policy": "default-src 'self';base-uri 'self';font-src 'self' https: data:;form-action 'self';frame-ancestors 'self';img-src 'self' data:;object-src 'none';script-src 'self';script-src-attr 'none';style-src 'self' https: 'unsafe-inline';upgrade-insecure-requests",
        "cross-origin-opener-policy": "same-origin",
        "cross-origin-resource-policy": "cross-origin",
        "origin-agent-cluster": "?1",
        "referrer-policy": "no-referrer",
        "strict-transport-security": "max-age=31536000; includeSubDomains",
        "x-content-type-options": "nosniff",
        "x-dns-prefetch-control": "off",
        "x-download-options": "noopen",
        "x-frame-options": "DENY",
        "x-permitted-cross-domain-policies": "none",
        "x-xss-protection": "0",
        "access-control-allow-origin": "http://localhost:3000",
        "vary": "Origin, Accept-Encoding",
        "access-control-allow-credentials": "true",
        "ratelimit-policy": "100;w=900",
        "ratelimit-limit": "100",
        "ratelimit-remaining": "89",
        "ratelimit-reset": "876",
        "content-type": "application/json; charset=utf-8",
        "content-length": "808",
        "etag": "W/\"328-JkQA8PiJNp7ftsWOxY9W1Sgq0F8\""
      }
    }
    [35mresponseTime[39m: 38
[2026-08-03 13:06:59.425 +0700] [32mINFO[39m: [36mrequest completed[39m
    [35mreq[39m: {
      "id": "e34933cb-e149-4b27-9f4c-62bb6ceace2e",
      "method": "GET",
      "url": "/api/projects",
      "query": {},
      "params": {},
      "headers": {
        "host": "localhost:3001",
        "connection": "keep-alive",
        "sec-ch-ua-platform": "\"Windows\"",
        "authorization": "[REDACTED]",
        "user-agent": "Mozilla/5.0 (Windows NT 10.0; Win64; x64) AppleWebKit/537.36 (KHTML, like Gecko) HeadlessChrome/151.0.7922.34 Safari/537.36",
        "accept": "application/json, text/plain, */*",
        "sec-ch-ua": "\"Not=A?Brand\";v=\"99\", \"HeadlessChrome\";v=\"151\", \"Chromium\";v=\"151\"",
        "sec-ch-ua-mobile": "?0",
        "origin": "http://localhost:3000",
        "sec-fetch-site": "same-site",
        "sec-fetch-mode": "cors",
        "sec-fetch-dest": "empty",
        "referer": "http://localhost:3000/",
        "accept-encoding": "gzip, deflate, br, zstd"
      },
      "remoteAddress": "::1",
      "remotePort": 60944
    }
    [35mres[39m: {
      "statusCode": 200,
      "headers": {
        "content-security-policy": "default-src 'self';base-uri 'self';font-src 'self' https: data:;form-action 'self';frame-ancestors 'self';img-src 'self' data:;object-src 'none';script-src 'self';script-src-attr 'none';style-src 'self' https: 'unsafe-inline';upgrade-insecure-requests",
        "cross-origin-opener-policy": "same-origin",
        "cross-origin-resource-policy": "cross-origin",
        "origin-agent-cluster": "?1",
        "referrer-policy": "no-referrer",
        "strict-transport-security": "max-age=31536000; includeSubDomains",
        "x-content-type-options": "nosniff",
        "x-dns-prefetch-control": "off",
        "x-download-options": "noopen",
        "x-frame-options": "DENY",
        "x-permitted-cross-domain-policies": "none",
        "x-xss-protection": "0",
        "access-control-allow-origin": "http://localhost:3000",
        "vary": "Origin, Accept-Encoding",
        "access-control-allow-credentials": "true",
        "ratelimit-policy": "100;w=900",
        "ratelimit-limit": "100",
        "ratelimit-remaining": "88",
        "ratelimit-reset": "876",
        "content-type": "application/json; charset=utf-8",
        "content-length": "920",
        "etag": "W/\"398-jm99yAEQ/Ex7ekVN/YHHD4ykoEo\""
      }
    }
    [35mresponseTime[39m: 24
[2026-08-03 13:07:00.048 +0700] [32mINFO[39m: [36mrequest completed[39m
    [35mreq[39m: {
      "id": "20432e8c-9e23-4caf-9733-30f2f50bfc95",
      "method": "POST",
      "url": "/api/test-cases/a9204433-9f20-4130-b0d6-00689f8dab31/run",
      "query": {},
      "params": {},
      "headers": {
        "authorization": "[REDACTED]",
        "user-agent": "Mozilla/5.0 (Windows NT; Windows NT 10.0; en-US) WindowsPowerShell/5.1.26100.8875",
        "content-type": "application/json",
        "host": "localhost:3001",
        "content-length": "17",
        "expect": "100-continue"
      },
      "remoteAddress": "::1",
      "remotePort": 53239
    }
    [35mres[39m: {
      "statusCode": 200,
      "headers": {
        "content-security-policy": "default-src 'self';base-uri 'self';font-src 'self' https: data:;form-action 'self';frame-ancestors 'self';img-src 'self' data:;object-src 'none';script-src 'self';script-src-attr 'none';style-src 'self' https: 'unsafe-inline';upgrade-insecure-requests",
        "cross-origin-opener-policy": "same-origin",
        "cross-origin-resource-policy": "cross-origin",
        "origin-agent-cluster": "?1",
        "referrer-policy": "no-referrer",
        "strict-transport-security": "max-age=31536000; includeSubDomains",
        "x-content-type-options": "nosniff",
        "x-dns-prefetch-control": "off",
        "x-download-options": "noopen",
        "x-frame-options": "DENY",
        "x-permitted-cross-domain-policies": "none",
        "x-xss-protection": "0",
        "access-control-allow-origin": "http://localhost:3000",
        "vary": "Origin, Accept-Encoding",
        "access-control-allow-credentials": "true",
        "ratelimit-policy": "100;w=900",
        "ratelimit-limit": "100",
        "ratelimit-remaining": "94",
        "ratelimit-reset": "881",
        "content-type": "application/json; charset=utf-8",
        "content-length": "20071",
        "etag": "W/\"4e67-8Ll/0sUGEWc58D2gaha5JEkropU\""
      }
    }
    [35mresponseTime[39m: 6156
[2026-08-03 13:07:02.225 +0700] [32mINFO[39m: [36mrequest completed[39m
    [35mreq[39m: {
      "id": "bf9d6676-e7a8-469b-afa5-8c124baef29c",
      "method": "POST",
      "url": "/api/auth/login",
      "query": {},
      "params": {},
      "headers": {
        "host": "localhost:3001",
        "connection": "keep-alive",
        "content-length": "59",
        "sec-ch-ua-platform": "\"Windows\"",
        "user-agent": "Mozilla/5.0 (Windows NT 10.0; Win64; x64) AppleWebKit/537.36 (KHTML, like Gecko) HeadlessChrome/151.0.7922.34 Safari/537.36",
        "accept": "application/json, text/plain, */*",
        "sec-ch-ua": "\"Not=A?Brand\";v=\"99\", \"HeadlessChrome\";v=\"151\", \"Chromium\";v=\"151\"",
        "content-type": "application/json",
        "sec-ch-ua-mobile": "?0",
        "origin": "http://localhost:3000",
        "sec-fetch-site": "same-site",
        "sec-fetch-mode": "cors",
        "sec-fetch-dest": "empty",
        "referer": "http://localhost:3000/",
        "accept-encoding": "gzip, deflate, br, zstd"
      },
      "remoteAddress": "::1",
      "remotePort": 49933
    }
    [35mres[39m: {
      "statusCode": 200,
      "headers": {
        "content-security-policy": "default-src 'self';base-uri 'self';font-src 'self' https: data:;form-action 'self';frame-ancestors 'self';img-src 'self' data:;object-src 'none';script-src 'self';script-src-attr 'none';style-src 'self' https: 'unsafe-inline';upgrade-insecure-requests",
        "cross-origin-opener-policy": "same-origin",
        "cross-origin-resource-policy": "cross-origin",
        "origin-agent-cluster": "?1",
        "referrer-policy": "no-referrer",
        "strict-transport-security": "max-age=31536000; includeSubDomains",
        "x-content-type-options": "nosniff",
        "x-dns-prefetch-control": "off",
        "x-download-options": "noopen",
        "x-frame-options": "DENY",
        "x-permitted-cross-domain-policies": "none",
        "x-xss-protection": "0",
        "access-control-allow-origin": "http://localhost:3000",
        "vary": "Origin, Accept-Encoding",
        "access-control-allow-credentials": "true",
        "ratelimit-policy": "20;w=900",
        "ratelimit-limit": "20",
        "ratelimit-remaining": "14",
        "ratelimit-reset": "873",
        "content-type": "application/json; charset=utf-8",
        "content-length": "795",
        "etag": "W/\"31b-wK9E/7ezytp+8i4XpWiHgy8+dNg\""
      }
    }
    [35mresponseTime[39m: 121
[2026-08-03 13:07:02.505 +0700] [32mINFO[39m: [36mrequest completed[39m
    [35mreq[39m: {
      "id": "815b5760-ffd1-43f6-b658-ca3ed90f8be4",
      "method": "GET",
      "url": "/api/auth/me",
      "query": {},
      "params": {},
      "headers": {
        "host": "localhost:3001",
        "connection": "keep-alive",
        "sec-ch-ua-platform": "\"Windows\"",
        "authorization": "[REDACTED]",
        "user-agent": "Mozilla/5.0 (Windows NT 10.0; Win64; x64) AppleWebKit/537.36 (KHTML, like Gecko) HeadlessChrome/151.0.7922.34 Safari/537.36",
        "accept": "application/json, text/plain, */*",
        "sec-ch-ua": "\"Not=A?Brand\";v=\"99\", \"HeadlessChrome\";v=\"151\", \"Chromium\";v=\"151\"",
        "sec-ch-ua-mobile": "?0",
        "origin": "http://localhost:3000",
        "sec-fetch-site": "same-site",
        "sec-fetch-mode": "cors",
        "sec-fetch-dest": "empty",
        "referer": "http://localhost:3000/",
        "accept-encoding": "gzip, deflate, br, zstd"
      },
      "remoteAddress": "::1",
      "remotePort": 49933
    }
    [35mres[39m: {
      "statusCode": 200,
      "headers": {
        "content-security-policy": "default-src 'self';base-uri 'self';font-src 'self' https: data:;form-action 'self';frame-ancestors 'self';img-src 'self' data:;object-src 'none';script-src 'self';script-src-attr 'none';style-src 'self' https: 'unsafe-inline';upgrade-insecure-requests",
        "cross-origin-opener-policy": "same-origin",
        "cross-origin-resource-policy": "cross-origin",
        "origin-agent-cluster": "?1",
        "referrer-policy": "no-referrer",
        "strict-transport-security": "max-age=31536000; includeSubDomains",
        "x-content-type-options": "nosniff",
        "x-dns-prefetch-control": "off",
        "x-download-options": "noopen",
        "x-frame-options": "DENY",
        "x-permitted-cross-domain-policies": "none",
        "x-xss-protection": "0",
        "access-control-allow-origin": "http://localhost:3000",
        "vary": "Origin, Accept-Encoding",
        "access-control-allow-credentials": "true",
        "ratelimit-policy": "20;w=900",
        "ratelimit-limit": "20",
        "ratelimit-remaining": "13",
        "ratelimit-reset": "873",
        "content-type": "application/json; charset=utf-8",
        "content-length": "286",
        "etag": "W/\"11e-Mt9DMdmnw9Vh7+i0Qn1gNwbzl3w\""
      }
    }
    [35mresponseTime[39m: 9
[2026-08-03 13:07:02.634 +0700] [32mINFO[39m: [36mrequest completed[39m
    [35mreq[39m: {
      "id": "3844d3a5-61d4-43f6-8f87-3259437f4ea6",
      "method": "GET",
      "url": "/api/reports/overview",
      "query": {},
      "params": {},
      "headers": {
        "host": "localhost:3001",
        "connection": "keep-alive",
        "sec-ch-ua-platform": "\"Windows\"",
        "authorization": "[REDACTED]",
        "user-agent": "Mozilla/5.0 (Windows NT 10.0; Win64; x64) AppleWebKit/537.36 (KHTML, like Gecko) HeadlessChrome/151.0.7922.34 Safari/537.36",
        "accept": "application/json, text/plain, */*",
        "sec-ch-ua": "\"Not=A?Brand\";v=\"99\", \"HeadlessChrome\";v=\"151\", \"Chromium\";v=\"151\"",
        "sec-ch-ua-mobile": "?0",
        "origin": "http://localhost:3000",
        "sec-fetch-site": "same-site",
        "sec-fetch-mode": "cors",
        "sec-fetch-dest": "empty",
        "referer": "http://localhost:3000/",
        "accept-encoding": "gzip, deflate, br, zstd"
      },
      "remoteAddress": "::1",
      "remotePort": 49933
    }
    [35mres[39m: {
      "statusCode": 200,
      "headers": {
        "content-security-policy": "default-src 'self';base-uri 'self';font-src 'self' https: data:;form-action 'self';frame-ancestors 'self';img-src 'self' data:;object-src 'none';script-src 'self';script-src-attr 'none';style-src 'self' https: 'unsafe-inline';upgrade-insecure-requests",
        "cross-origin-opener-policy": "same-origin",
        "cross-origin-resource-policy": "cross-origin",
        "origin-agent-cluster": "?1",
        "referrer-policy": "no-referrer",
        "strict-transport-security": "max-age=31536000; includeSubDomains",
        "x-content-type-options": "nosniff",
        "x-dns-prefetch-control": "off",
        "x-download-options": "noopen",
        "x-frame-options": "DENY",
        "x-permitted-cross-domain-policies": "none",
        "x-xss-protection": "0",
        "access-control-allow-origin": "http://localhost:3000",
        "vary": "Origin, Accept-Encoding",
        "access-control-allow-credentials": "true",
        "ratelimit-policy": "100;w=900",
        "ratelimit-limit": "100",
        "ratelimit-remaining": "84",
        "ratelimit-reset": "873",
        "content-type": "application/json; charset=utf-8",
        "etag": "W/\"dfb-R8ko16d4fkQM7B+Zpejs3EB1OoY\"",
        "content-encoding": "br"
      }
    }
    [35mresponseTime[39m: 32
[2026-08-03 13:07:03.275 +0700] [32mINFO[39m: [36mrequest completed[39m
    [35mreq[39m: {
      "id": "b31d6415-c9bf-4715-a0b8-d06b9efc4946",
      "method": "GET",
      "url": "/api/auth/me",
      "query": {},
      "params": {},
      "headers": {
        "host": "localhost:3001",
        "connection": "keep-alive",
        "sec-ch-ua-platform": "\"Windows\"",
        "authorization": "[REDACTED]",
        "user-agent": "Mozilla/5.0 (Windows NT 10.0; Win64; x64) AppleWebKit/537.36 (KHTML, like Gecko) HeadlessChrome/151.0.7922.34 Safari/537.36",
        "accept": "application/json, text/plain, */*",
        "sec-ch-ua": "\"Not=A?Brand\";v=\"99\", \"HeadlessChrome\";v=\"151\", \"Chromium\";v=\"151\"",
        "sec-ch-ua-mobile": "?0",
        "origin": "http://localhost:3000",
        "sec-fetch-site": "same-site",
        "sec-fetch-mode": "cors",
        "sec-fetch-dest": "empty",
        "referer": "http://localhost:3000/",
        "accept-encoding": "gzip, deflate, br, zstd",
        "if-none-match": "W/\"11e-Mt9DMdmnw9Vh7+i0Qn1gNwbzl3w\""
      },
      "remoteAddress": "::1",
      "remotePort": 49933
    }
    [35mres[39m: {
      "statusCode": 200,
      "headers": {
        "content-security-policy": "default-src 'self';base-uri 'self';font-src 'self' https: data:;form-action 'self';frame-ancestors 'self';img-src 'self' data:;object-src 'none';script-src 'self';script-src-attr 'none';style-src 'self' https: 'unsafe-inline';upgrade-insecure-requests",
        "cross-origin-opener-policy": "same-origin",
        "cross-origin-resource-policy": "cross-origin",
        "origin-agent-cluster": "?1",
        "referrer-policy": "no-referrer",
        "strict-transport-security": "max-age=31536000; includeSubDomains",
        "x-content-type-options": "nosniff",
        "x-dns-prefetch-control": "off",
        "x-download-options": "noopen",
        "x-frame-options": "DENY",
        "x-permitted-cross-domain-policies": "none",
        "x-xss-protection": "0",
        "access-control-allow-origin": "http://localhost:3000",
        "vary": "Origin, Accept-Encoding",
        "access-control-allow-credentials": "true",
        "ratelimit-policy": "20;w=900",
        "ratelimit-limit": "20",
        "ratelimit-remaining": "12",
        "ratelimit-reset": "872",
        "content-type": "application/json; charset=utf-8",
        "content-length": "286",
        "etag": "W/\"11e-2GEwwIBdg0Mti+2oVsTY8mxWK8g\""
      }
    }
    [35mresponseTime[39m: 6
[2026-08-03 13:07:03.489 +0700] [32mINFO[39m: [36mrequest completed[39m
    [35mreq[39m: {
      "id": "a0006763-fdf0-4d11-a84d-81fb6ade426b",
      "method": "GET",
      "url": "/api/projects?page=1&limit=100",
      "query": {
        "page": "1",
        "limit": "100"
      },
      "params": {},
      "headers": {
        "host": "localhost:3001",
        "connection": "keep-alive",
        "sec-ch-ua-platform": "\"Windows\"",
        "authorization": "[REDACTED]",
        "user-agent": "Mozilla/5.0 (Windows NT 10.0; Win64; x64) AppleWebKit/537.36 (KHTML, like Gecko) HeadlessChrome/151.0.7922.34 Safari/537.36",
        "accept": "application/json, text/plain, */*",
        "sec-ch-ua": "\"Not=A?Brand\";v=\"99\", \"HeadlessChrome\";v=\"151\", \"Chromium\";v=\"151\"",
        "sec-ch-ua-mobile": "?0",
        "origin": "http://localhost:3000",
        "sec-fetch-site": "same-site",
        "sec-fetch-mode": "cors",
        "sec-fetch-dest": "empty",
        "referer": "http://localhost:3000/",
        "accept-encoding": "gzip, deflate, br, zstd"
      },
      "remoteAddress": "::1",
      "remotePort": 49933
    }
    [35mres[39m: {
      "statusCode": 200,
      "headers": {
        "content-security-policy": "default-src 'self';base-uri 'self';font-src 'self' https: data:;form-action 'self';frame-ancestors 'self';img-src 'self' data:;object-src 'none';script-src 'self';script-src-attr 'none';style-src 'self' https: 'unsafe-inline';upgrade-insecure-requests",
        "cross-origin-opener-policy": "same-origin",
        "cross-origin-resource-policy": "cross-origin",
        "origin-agent-cluster": "?1",
        "referrer-policy": "no-referrer",
        "strict-transport-security": "max-age=31536000; includeSubDomains",
        "x-content-type-options": "nosniff",
        "x-dns-prefetch-control": "off",
        "x-download-options": "noopen",
        "x-frame-options": "DENY",
        "x-permitted-cross-domain-policies": "none",
        "x-xss-protection": "0",
        "access-control-allow-origin": "http://localhost:3000",
        "vary": "Origin, Accept-Encoding",
        "access-control-allow-credentials": "true",
        "ratelimit-policy": "100;w=900",
        "ratelimit-limit": "100",
        "ratelimit-remaining": "82",
        "ratelimit-reset": "872",
        "content-type": "application/json; charset=utf-8",
        "content-length": "921",
        "etag": "W/\"399-3f7hrsgkNnH7sqFiywd1dwCgUrI\""
      }
    }
    [35mresponseTime[39m: 13
[2026-08-03 13:07:03.517 +0700] [32mINFO[39m: [36mrequest completed[39m
    [35mreq[39m: {
      "id": "2f8d5c64-f5ef-4875-9a10-8d9f760f50e8",
      "method": "GET",
      "url": "/api/test-cases?page=1&limit=10&sortBy=createdAt&sortOrder=desc",
      "query": {
        "page": "1",
        "limit": "10",
        "sortBy": "createdAt",
        "sortOrder": "desc"
      },
      "params": {},
      "headers": {
        "host": "localhost:3001",
        "connection": "keep-alive",
        "sec-ch-ua-platform": "\"Windows\"",
        "authorization": "[REDACTED]",
        "user-agent": "Mozilla/5.0 (Windows NT 10.0; Win64; x64) AppleWebKit/537.36 (KHTML, like Gecko) HeadlessChrome/151.0.7922.34 Safari/537.36",
        "accept": "application/json, text/plain, */*",
        "sec-ch-ua": "\"Not=A?Brand\";v=\"99\", \"HeadlessChrome\";v=\"151\", \"Chromium\";v=\"151\"",
        "sec-ch-ua-mobile": "?0",
        "origin": "http://localhost:3000",
        "sec-fetch-site": "same-site",
        "sec-fetch-mode": "cors",
        "sec-fetch-dest": "empty",
        "referer": "http://localhost:3000/",
        "accept-encoding": "gzip, deflate, br, zstd"
      },
      "remoteAddress": "::1",
      "remotePort": 60259
    }
    [35mres[39m: {
      "statusCode": 200,
      "headers": {
        "content-security-policy": "default-src 'self';base-uri 'self';font-src 'self' https: data:;form-action 'self';frame-ancestors 'self';img-src 'self' data:;object-src 'none';script-src 'self';script-src-attr 'none';style-src 'self' https: 'unsafe-inline';upgrade-insecure-requests",
        "cross-origin-opener-policy": "same-origin",
        "cross-origin-resource-policy": "cross-origin",
        "origin-agent-cluster": "?1",
        "referrer-policy": "no-referrer",
        "strict-transport-security": "max-age=31536000; includeSubDomains",
        "x-content-type-options": "nosniff",
        "x-dns-prefetch-control": "off",
        "x-download-options": "noopen",
        "x-frame-options": "DENY",
        "x-permitted-cross-domain-policies": "none",
        "x-xss-protection": "0",
        "access-control-allow-origin": "http://localhost:3000",
        "vary": "Origin, Accept-Encoding",
        "access-control-allow-credentials": "true",
        "ratelimit-policy": "100;w=900",
        "ratelimit-limit": "100",
        "ratelimit-remaining": "81",
        "ratelimit-reset": "872",
        "content-type": "application/json; charset=utf-8",
        "etag": "W/\"b3e-SgkEftMKRxotcHEQvi+00ZIfQgY\"",
        "content-encoding": "br"
      }
    }
    [35mresponseTime[39m: 37
[2026-08-03 13:07:04.012 +0700] [32mINFO[39m: [36mrequest completed[39m
    [35mreq[39m: {
      "id": "46cdfb5e-0864-43e4-ae65-ea6912ff6fcd",
      "method": "POST",
      "url": "/api/test-cases/49cc3702-be34-40b6-a14d-02a637a51910/run",
      "query": {},
      "params": {},
      "headers": {
        "authorization": "[REDACTED]",
        "user-agent": "Mozilla/5.0 (Windows NT; Windows NT 10.0; en-US) WindowsPowerShell/5.1.26100.8875",
        "content-type": "application/json",
        "host": "localhost:3001",
        "content-length": "17",
        "expect": "100-continue"
      },
      "remoteAddress": "::1",
      "remotePort": 53239
    }
    [35mres[39m: {
      "statusCode": 200,
      "headers": {
        "content-security-policy": "default-src 'self';base-uri 'self';font-src 'self' https: data:;form-action 'self';frame-ancestors 'self';img-src 'self' data:;object-src 'none';script-src 'self';script-src-attr 'none';style-src 'self' https: 'unsafe-inline';upgrade-insecure-requests",
        "cross-origin-opener-policy": "same-origin",
        "cross-origin-resource-policy": "cross-origin",
        "origin-agent-cluster": "?1",
        "referrer-policy": "no-referrer",
        "strict-transport-security": "max-age=31536000; includeSubDomains",
        "x-content-type-options": "nosniff",
        "x-dns-prefetch-control": "off",
        "x-download-options": "noopen",
        "x-frame-options": "DENY",
        "x-permitted-cross-domain-policies": "none",
        "x-xss-protection": "0",
        "access-control-allow-origin": "http://localhost:3000",
        "vary": "Origin, Accept-Encoding",
        "access-control-allow-credentials": "true",
        "ratelimit-policy": "100;w=900",
        "ratelimit-limit": "100",
        "ratelimit-remaining": "87",
        "ratelimit-reset": "875",
        "content-type": "application/json; charset=utf-8",
        "content-length": "15625",
        "etag": "W/\"3d09-eOOtFiJ12IDsf2rt9i7ba4rtLVY\""
      }
    }
    [35mresponseTime[39m: 3831
[2026-08-03 13:08:00.210 +0700] [32mINFO[39m: [36mrequest completed[39m
    [35mreq[39m: {
      "id": "faf486bf-c144-4f0a-af68-7715eb76b6d1",
      "method": "POST",
      "url": "/api/auth/login",
      "query": {},
      "params": {},
      "headers": {
        "user-agent": "Mozilla/5.0 (Windows NT; Windows NT 10.0; en-US) WindowsPowerShell/5.1.26100.8875",
        "content-type": "application/json",
        "host": "localhost:3001",
        "content-length": "59",
        "expect": "100-continue",
        "connection": "Keep-Alive"
      },
      "remoteAddress": "::1",
      "remotePort": 60554
    }
    [35mres[39m: {
      "statusCode": 200,
      "headers": {
        "content-security-policy": "default-src 'self';base-uri 'self';font-src 'self' https: data:;form-action 'self';frame-ancestors 'self';img-src 'self' data:;object-src 'none';script-src 'self';script-src-attr 'none';style-src 'self' https: 'unsafe-inline';upgrade-insecure-requests",
        "cross-origin-opener-policy": "same-origin",
        "cross-origin-resource-policy": "cross-origin",
        "origin-agent-cluster": "?1",
        "referrer-policy": "no-referrer",
        "strict-transport-security": "max-age=31536000; includeSubDomains",
        "x-content-type-options": "nosniff",
        "x-dns-prefetch-control": "off",
        "x-download-options": "noopen",
        "x-frame-options": "DENY",
        "x-permitted-cross-domain-policies": "none",
        "x-xss-protection": "0",
        "access-control-allow-origin": "http://localhost:3000",
        "vary": "Origin, Accept-Encoding",
        "access-control-allow-credentials": "true",
        "ratelimit-policy": "20;w=900",
        "ratelimit-limit": "20",
        "ratelimit-remaining": "11",
        "ratelimit-reset": "815",
        "content-type": "application/json; charset=utf-8",
        "content-length": "795",
        "etag": "W/\"31b-e+8J6UQeBtE41yu+zCpsIQBhATU\""
      }
    }
    [35mresponseTime[39m: 93
[2026-08-03 13:08:00.384 +0700] [32mINFO[39m: [36mrequest completed[39m
    [35mreq[39m: {
      "id": "15898b3a-1e08-4e39-a9e8-827e08936c5b",
      "method": "GET",
      "url": "/api/test-cases?include=steps",
      "query": {
        "include": "steps"
      },
      "params": {},
      "headers": {
        "authorization": "[REDACTED]",
        "user-agent": "Mozilla/5.0 (Windows NT; Windows NT 10.0; en-US) WindowsPowerShell/5.1.26100.8875",
        "host": "localhost:3001"
      },
      "remoteAddress": "::1",
      "remotePort": 60554
    }
    [35mres[39m: {
      "statusCode": 200,
      "headers": {
        "content-security-policy": "default-src 'self';base-uri 'self';font-src 'self' https: data:;form-action 'self';frame-ancestors 'self';img-src 'self' data:;object-src 'none';script-src 'self';script-src-attr 'none';style-src 'self' https: 'unsafe-inline';upgrade-insecure-requests",
        "cross-origin-opener-policy": "same-origin",
        "cross-origin-resource-policy": "cross-origin",
        "origin-agent-cluster": "?1",
        "referrer-policy": "no-referrer",
        "strict-transport-security": "max-age=31536000; includeSubDomains",
        "x-content-type-options": "nosniff",
        "x-dns-prefetch-control": "off",
        "x-download-options": "noopen",
        "x-frame-options": "DENY",
        "x-permitted-cross-domain-policies": "none",
        "x-xss-protection": "0",
        "access-control-allow-origin": "http://localhost:3000",
        "vary": "Origin, Accept-Encoding",
        "access-control-allow-credentials": "true",
        "ratelimit-policy": "100;w=900",
        "ratelimit-limit": "100",
        "ratelimit-remaining": "79",
        "ratelimit-reset": "815",
        "content-type": "application/json; charset=utf-8",
        "content-length": "2878",
        "etag": "W/\"b3e-bSIAhAKX6nPG+HoAcXTOKeLb4WE\""
      }
    }
    [35mresponseTime[39m: 8
[2026-08-03 13:08:00.472 +0700] [32mINFO[39m: [36mrequest completed[39m
    [35mreq[39m: {
      "id": "9cba2ae8-85ce-4a41-b621-5daa1b5d430f",
      "method": "PATCH",
      "url": "/api/test-cases/49cc3702-be34-40b6-a14d-02a637a51910/steps/3",
      "query": {},
      "params": {},
      "headers": {
        "authorization": "[REDACTED]",
        "user-agent": "Mozilla/5.0 (Windows NT; Windows NT 10.0; en-US) WindowsPowerShell/5.1.26100.8875",
        "content-type": "application/json",
        "host": "localhost:3001",
        "content-length": "700",
        "expect": "100-continue"
      },
      "remoteAddress": "::1",
      "remotePort": 60554
    }
    [35mres[39m: {
      "statusCode": 200,
      "headers": {
        "content-security-policy": "default-src 'self';base-uri 'self';font-src 'self' https: data:;form-action 'self';frame-ancestors 'self';img-src 'self' data:;object-src 'none';script-src 'self';script-src-attr 'none';style-src 'self' https: 'unsafe-inline';upgrade-insecure-requests",
        "cross-origin-opener-policy": "same-origin",
        "cross-origin-resource-policy": "cross-origin",
        "origin-agent-cluster": "?1",
        "referrer-policy": "no-referrer",
        "strict-transport-security": "max-age=31536000; includeSubDomains",
        "x-content-type-options": "nosniff",
        "x-dns-prefetch-control": "off",
        "x-download-options": "noopen",
        "x-frame-options": "DENY",
        "x-permitted-cross-domain-policies": "none",
        "x-xss-protection": "0",
        "access-control-allow-origin": "http://localhost:3000",
        "vary": "Origin, Accept-Encoding",
        "access-control-allow-credentials": "true",
        "ratelimit-policy": "100;w=900",
        "ratelimit-limit": "100",
        "ratelimit-remaining": "78",
        "ratelimit-reset": "815",
        "content-type": "application/json; charset=utf-8",
        "content-length": "667",
        "etag": "W/\"29b-ivMVORv27FSnE/PSL/9xxI15SQE\""
      }
    }
    [35mresponseTime[39m: 34
[2026-08-03 13:08:02.258 +0700] [32mINFO[39m: [36mrequest completed[39m
    [35mreq[39m: {
      "id": "263ebadf-6c5c-447a-bfc6-9a381a82492e",
      "method": "POST",
      "url": "/api/auth/login",
      "query": {},
      "params": {},
      "headers": {
        "host": "localhost:3001",
        "connection": "keep-alive",
        "content-length": "59",
        "sec-ch-ua-platform": "\"Windows\"",
        "user-agent": "Mozilla/5.0 (Windows NT 10.0; Win64; x64) AppleWebKit/537.36 (KHTML, like Gecko) HeadlessChrome/151.0.7922.34 Safari/537.36",
        "accept": "application/json, text/plain, */*",
        "sec-ch-ua": "\"Not=A?Brand\";v=\"99\", \"HeadlessChrome\";v=\"151\", \"Chromium\";v=\"151\"",
        "content-type": "application/json",
        "sec-ch-ua-mobile": "?0",
        "origin": "http://localhost:3000",
        "sec-fetch-site": "same-site",
        "sec-fetch-mode": "cors",
        "sec-fetch-dest": "empty",
        "referer": "http://localhost:3000/",
        "accept-encoding": "gzip, deflate, br, zstd"
      },
      "remoteAddress": "::1",
      "remotePort": 51811
    }
    [35mres[39m: {
      "statusCode": 200,
      "headers": {
        "content-security-policy": "default-src 'self';base-uri 'self';font-src 'self' https: data:;form-action 'self';frame-ancestors 'self';img-src 'self' data:;object-src 'none';script-src 'self';script-src-attr 'none';style-src 'self' https: 'unsafe-inline';upgrade-insecure-requests",
        "cross-origin-opener-policy": "same-origin",
        "cross-origin-resource-policy": "cross-origin",
        "origin-agent-cluster": "?1",
        "referrer-policy": "no-referrer",
        "strict-transport-security": "max-age=31536000; includeSubDomains",
        "x-content-type-options": "nosniff",
        "x-dns-prefetch-control": "off",
        "x-download-options": "noopen",
        "x-frame-options": "DENY",
        "x-permitted-cross-domain-policies": "none",
        "x-xss-protection": "0",
        "access-control-allow-origin": "http://localhost:3000",
        "vary": "Origin, Accept-Encoding",
        "access-control-allow-credentials": "true",
        "ratelimit-policy": "20;w=900",
        "ratelimit-limit": "20",
        "ratelimit-remaining": "10",
        "ratelimit-reset": "813",
        "content-type": "application/json; charset=utf-8",
        "content-length": "795",
        "etag": "W/\"31b-lFT33gJAWkL8xwT5pJesMrT1U0c\""
      }
    }
    [35mresponseTime[39m: 98
[2026-08-03 13:08:02.450 +0700] [32mINFO[39m: [36mrequest completed[39m
    [35mreq[39m: {
      "id": "4db72665-8ea9-45d1-ab44-4bb5ac3d04a0",
      "method": "GET",
      "url": "/api/auth/me",
      "query": {},
      "params": {},
      "headers": {
        "host": "localhost:3001",
        "connection": "keep-alive",
        "sec-ch-ua-platform": "\"Windows\"",
        "authorization": "[REDACTED]",
        "user-agent": "Mozilla/5.0 (Windows NT 10.0; Win64; x64) AppleWebKit/537.36 (KHTML, like Gecko) HeadlessChrome/151.0.7922.34 Safari/537.36",
        "accept": "application/json, text/plain, */*",
        "sec-ch-ua": "\"Not=A?Brand\";v=\"99\", \"HeadlessChrome\";v=\"151\", \"Chromium\";v=\"151\"",
        "sec-ch-ua-mobile": "?0",
        "origin": "http://localhost:3000",
        "sec-fetch-site": "same-site",
        "sec-fetch-mode": "cors",
        "sec-fetch-dest": "empty",
        "referer": "http://localhost:3000/",
        "accept-encoding": "gzip, deflate, br, zstd"
      },
      "remoteAddress": "::1",
      "remotePort": 51811
    }
    [35mres[39m: {
      "statusCode": 200,
      "headers": {
        "content-security-policy": "default-src 'self';base-uri 'self';font-src 'self' https: data:;form-action 'self';frame-ancestors 'self';img-src 'self' data:;object-src 'none';script-src 'self';script-src-attr 'none';style-src 'self' https: 'unsafe-inline';upgrade-insecure-requests",
        "cross-origin-opener-policy": "same-origin",
        "cross-origin-resource-policy": "cross-origin",
        "origin-agent-cluster": "?1",
        "referrer-policy": "no-referrer",
        "strict-transport-security": "max-age=31536000; includeSubDomains",
        "x-content-type-options": "nosniff",
        "x-dns-prefetch-control": "off",
        "x-download-options": "noopen",
        "x-frame-options": "DENY",
        "x-permitted-cross-domain-policies": "none",
        "x-xss-protection": "0",
        "access-control-allow-origin": "http://localhost:3000",
        "vary": "Origin, Accept-Encoding",
        "access-control-allow-credentials": "true",
        "ratelimit-policy": "20;w=900",
        "ratelimit-limit": "20",
        "ratelimit-remaining": "9",
        "ratelimit-reset": "813",
        "content-type": "application/json; charset=utf-8",
        "content-length": "286",
        "etag": "W/\"11e-STF9NhJYliFaCmMDSWj6tsuN8U0\""
      }
    }
    [35mresponseTime[39m: 5
[2026-08-03 13:08:02.545 +0700] [32mINFO[39m: [36mrequest completed[39m
    [35mreq[39m: {
      "id": "a65ea63c-c745-4a5e-ab91-dee5f0a54496",
      "method": "GET",
      "url": "/api/reports/overview",
      "query": {},
      "params": {},
      "headers": {
        "host": "localhost:3001",
        "connection": "keep-alive",
        "sec-ch-ua-platform": "\"Windows\"",
        "authorization": "[REDACTED]",
        "user-agent": "Mozilla/5.0 (Windows NT 10.0; Win64; x64) AppleWebKit/537.36 (KHTML, like Gecko) HeadlessChrome/151.0.7922.34 Safari/537.36",
        "accept": "application/json, text/plain, */*",
        "sec-ch-ua": "\"Not=A?Brand\";v=\"99\", \"HeadlessChrome\";v=\"151\", \"Chromium\";v=\"151\"",
        "sec-ch-ua-mobile": "?0",
        "origin": "http://localhost:3000",
        "sec-fetch-site": "same-site",
        "sec-fetch-mode": "cors",
        "sec-fetch-dest": "empty",
        "referer": "http://localhost:3000/",
        "accept-encoding": "gzip, deflate, br, zstd"
      },
      "remoteAddress": "::1",
      "remotePort": 51811
    }
    [35mres[39m: {
      "statusCode": 200,
      "headers": {
        "content-security-policy": "default-src 'self';base-uri 'self';font-src 'self' https: data:;form-action 'self';frame-ancestors 'self';img-src 'self' data:;object-src 'none';script-src 'self';script-src-attr 'none';style-src 'self' https: 'unsafe-inline';upgrade-insecure-requests",
        "cross-origin-opener-policy": "same-origin",
        "cross-origin-resource-policy": "cross-origin",
        "origin-agent-cluster": "?1",
        "referrer-policy": "no-referrer",
        "strict-transport-security": "max-age=31536000; includeSubDomains",
        "x-content-type-options": "nosniff",
        "x-dns-prefetch-control": "off",
        "x-download-options": "noopen",
        "x-frame-options": "DENY",
        "x-permitted-cross-domain-policies": "none",
        "x-xss-protection": "0",
        "access-control-allow-origin": "http://localhost:3000",
        "vary": "Origin, Accept-Encoding",
        "access-control-allow-credentials": "true",
        "ratelimit-policy": "100;w=900",
        "ratelimit-limit": "100",
        "ratelimit-remaining": "74",
        "ratelimit-reset": "813",
        "content-type": "application/json; charset=utf-8",
        "etag": "W/\"df9-DXh8h/60u3KMK4se1EAs+joO1a4\"",
        "content-encoding": "br"
      }
    }
    [35mresponseTime[39m: 18
[2026-08-03 13:08:02.779 +0700] [32mINFO[39m: [36mrequest completed[39m
    [35mreq[39m: {
      "id": "feba241b-5f14-4a93-8c01-0e7031c3ead3",
      "method": "GET",
      "url": "/api/auth/me",
      "query": {},
      "params": {},
      "headers": {
        "host": "localhost:3001",
        "connection": "keep-alive",
        "sec-ch-ua-platform": "\"Windows\"",
        "authorization": "[REDACTED]",
        "user-agent": "Mozilla/5.0 (Windows NT 10.0; Win64; x64) AppleWebKit/537.36 (KHTML, like Gecko) HeadlessChrome/151.0.7922.34 Safari/537.36",
        "accept": "application/json, text/plain, */*",
        "sec-ch-ua": "\"Not=A?Brand\";v=\"99\", \"HeadlessChrome\";v=\"151\", \"Chromium\";v=\"151\"",
        "sec-ch-ua-mobile": "?0",
        "origin": "http://localhost:3000",
        "sec-fetch-site": "same-site",
        "sec-fetch-mode": "cors",
        "sec-fetch-dest": "empty",
        "referer": "http://localhost:3000/",
        "accept-encoding": "gzip, deflate, br, zstd",
        "if-none-match": "W/\"11e-STF9NhJYliFaCmMDSWj6tsuN8U0\""
      },
      "remoteAddress": "::1",
      "remotePort": 51811
    }
    [35mres[39m: {
      "statusCode": 200,
      "headers": {
        "content-security-policy": "default-src 'self';base-uri 'self';font-src 'self' https: data:;form-action 'self';frame-ancestors 'self';img-src 'self' data:;object-src 'none';script-src 'self';script-src-attr 'none';style-src 'self' https: 'unsafe-inline';upgrade-insecure-requests",
        "cross-origin-opener-policy": "same-origin",
        "cross-origin-resource-policy": "cross-origin",
        "origin-agent-cluster": "?1",
        "referrer-policy": "no-referrer",
        "strict-transport-security": "max-age=31536000; includeSubDomains",
        "x-content-type-options": "nosniff",
        "x-dns-prefetch-control": "off",
        "x-download-options": "noopen",
        "x-frame-options": "DENY",
        "x-permitted-cross-domain-policies": "none",
        "x-xss-protection": "0",
        "access-control-allow-origin": "http://localhost:3000",
        "vary": "Origin, Accept-Encoding",
        "access-control-allow-credentials": "true",
        "ratelimit-policy": "20;w=900",
        "ratelimit-limit": "20",
        "ratelimit-remaining": "8",
        "ratelimit-reset": "813",
        "content-type": "application/json; charset=utf-8",
        "content-length": "286",
        "etag": "W/\"11e-/cbrGJApzn0uFNMlCpXN5KQu5Rs\""
      }
    }
    [35mresponseTime[39m: 5
[2026-08-03 13:08:02.941 +0700] [32mINFO[39m: [36mrequest completed[39m
    [35mreq[39m: {
      "id": "591829aa-cd3c-4ac8-9bab-b62eb2f6d244",
      "method": "GET",
      "url": "/api/projects?page=1&limit=100",
      "query": {
        "page": "1",
        "limit": "100"
      },
      "params": {},
      "headers": {
        "host": "localhost:3001",
        "connection": "keep-alive",
        "sec-ch-ua-platform": "\"Windows\"",
        "authorization": "[REDACTED]",
        "user-agent": "Mozilla/5.0 (Windows NT 10.0; Win64; x64) AppleWebKit/537.36 (KHTML, like Gecko) HeadlessChrome/151.0.7922.34 Safari/537.36",
        "accept": "application/json, text/plain, */*",
        "sec-ch-ua": "\"Not=A?Brand\";v=\"99\", \"HeadlessChrome\";v=\"151\", \"Chromium\";v=\"151\"",
        "sec-ch-ua-mobile": "?0",
        "origin": "http://localhost:3000",
        "sec-fetch-site": "same-site",
        "sec-fetch-mode": "cors",
        "sec-fetch-dest": "empty",
        "referer": "http://localhost:3000/",
        "accept-encoding": "gzip, deflate, br, zstd"
      },
      "remoteAddress": "::1",
      "remotePort": 51811
    }
    [35mres[39m: {
      "statusCode": 200,
      "headers": {
        "content-security-policy": "default-src 'self';base-uri 'self';font-src 'self' https: data:;form-action 'self';frame-ancestors 'self';img-src 'self' data:;object-src 'none';script-src 'self';script-src-attr 'none';style-src 'self' https: 'unsafe-inline';upgrade-insecure-requests",
        "cross-origin-opener-policy": "same-origin",
        "cross-origin-resource-policy": "cross-origin",
        "origin-agent-cluster": "?1",
        "referrer-policy": "no-referrer",
        "strict-transport-security": "max-age=31536000; includeSubDomains",
        "x-content-type-options": "nosniff",
        "x-dns-prefetch-control": "off",
        "x-download-options": "noopen",
        "x-frame-options": "DENY",
        "x-permitted-cross-domain-policies": "none",
        "x-xss-protection": "0",
        "access-control-allow-origin": "http://localhost:3000",
        "vary": "Origin, Accept-Encoding",
        "access-control-allow-credentials": "true",
        "ratelimit-policy": "100;w=900",
        "ratelimit-limit": "100",
        "ratelimit-remaining": "72",
        "ratelimit-reset": "812",
        "content-type": "application/json; charset=utf-8",
        "content-length": "921",
        "etag": "W/\"399-8Lu5etZ4L1BZXGnCXNHormgKYeQ\""
      }
    }
    [35mresponseTime[39m: 10
[2026-08-03 13:08:02.944 +0700] [32mINFO[39m: [36mrequest completed[39m
    [35mreq[39m: {
      "id": "e478d27c-7495-4a8c-b07a-2a6d71c034c1",
      "method": "GET",
      "url": "/api/test-cases?page=1&limit=10&sortBy=createdAt&sortOrder=desc",
      "query": {
        "page": "1",
        "limit": "10",
        "sortBy": "createdAt",
        "sortOrder": "desc"
      },
      "params": {},
      "headers": {
        "host": "localhost:3001",
        "connection": "keep-alive",
        "sec-ch-ua-platform": "\"Windows\"",
        "authorization": "[REDACTED]",
        "user-agent": "Mozilla/5.0 (Windows NT 10.0; Win64; x64) AppleWebKit/537.36 (KHTML, like Gecko) HeadlessChrome/151.0.7922.34 Safari/537.36",
        "accept": "application/json, text/plain, */*",
        "sec-ch-ua": "\"Not=A?Brand\";v=\"99\", \"HeadlessChrome\";v=\"151\", \"Chromium\";v=\"151\"",
        "sec-ch-ua-mobile": "?0",
        "origin": "http://localhost:3000",
        "sec-fetch-site": "same-site",
        "sec-fetch-mode": "cors",
        "sec-fetch-dest": "empty",
        "referer": "http://localhost:3000/",
        "accept-encoding": "gzip, deflate, br, zstd"
      },
      "remoteAddress": "::1",
      "remotePort": 57996
    }
    [35mres[39m: {
      "statusCode": 200,
      "headers": {
        "content-security-policy": "default-src 'self';base-uri 'self';font-src 'self' https: data:;form-action 'self';frame-ancestors 'self';img-src 'self' data:;object-src 'none';script-src 'self';script-src-attr 'none';style-src 'self' https: 'unsafe-inline';upgrade-insecure-requests",
        "cross-origin-opener-policy": "same-origin",
        "cross-origin-resource-policy": "cross-origin",
        "origin-agent-cluster": "?1",
        "referrer-policy": "no-referrer",
        "strict-transport-security": "max-age=31536000; includeSubDomains",
        "x-content-type-options": "nosniff",
        "x-dns-prefetch-control": "off",
        "x-download-options": "noopen",
        "x-frame-options": "DENY",
        "x-permitted-cross-domain-policies": "none",
        "x-xss-protection": "0",
        "access-control-allow-origin": "http://localhost:3000",
        "vary": "Origin, Accept-Encoding",
        "access-control-allow-credentials": "true",
        "ratelimit-policy": "100;w=900",
        "ratelimit-limit": "100",
        "ratelimit-remaining": "71",
        "ratelimit-reset": "812",
        "content-type": "application/json; charset=utf-8",
        "etag": "W/\"b3e-52PdMI9zw0MFWLAHSfZbRUYsBmc\"",
        "content-encoding": "br"
      }
    }
    [35mresponseTime[39m: 11
[2026-08-03 13:08:03.280 +0700] [32mINFO[39m: [36mrequest completed[39m
    [35mreq[39m: {
      "id": "2df04821-dc50-462a-ad3f-737e63ccd156",
      "method": "POST",
      "url": "/api/test-cases/49cc3702-be34-40b6-a14d-02a637a51910/run",
      "query": {},
      "params": {},
      "headers": {
        "authorization": "[REDACTED]",
        "user-agent": "Mozilla/5.0 (Windows NT; Windows NT 10.0; en-US) WindowsPowerShell/5.1.26100.8875",
        "content-type": "application/json",
        "host": "localhost:3001",
        "content-length": "17",
        "expect": "100-continue"
      },
      "remoteAddress": "::1",
      "remotePort": 60554
    }
    [35mres[39m: {
      "statusCode": 200,
      "headers": {
        "content-security-policy": "default-src 'self';base-uri 'self';font-src 'self' https: data:;form-action 'self';frame-ancestors 'self';img-src 'self' data:;object-src 'none';script-src 'self';script-src-attr 'none';style-src 'self' https: 'unsafe-inline';upgrade-insecure-requests",
        "cross-origin-opener-policy": "same-origin",
        "cross-origin-resource-policy": "cross-origin",
        "origin-agent-cluster": "?1",
        "referrer-policy": "no-referrer",
        "strict-transport-security": "max-age=31536000; includeSubDomains",
        "x-content-type-options": "nosniff",
        "x-dns-prefetch-control": "off",
        "x-download-options": "noopen",
        "x-frame-options": "DENY",
        "x-permitted-cross-domain-policies": "none",
        "x-xss-protection": "0",
        "access-control-allow-origin": "http://localhost:3000",
        "vary": "Origin, Accept-Encoding",
        "access-control-allow-credentials": "true",
        "ratelimit-policy": "100;w=900",
        "ratelimit-limit": "100",
        "ratelimit-remaining": "77",
        "ratelimit-reset": "815",
        "content-type": "application/json; charset=utf-8",
        "content-length": "15206",
        "etag": "W/\"3b66-UxtkIDEWB4Cl7LJM8e1lSTNuxhg\""
      }
    }
    [35mresponseTime[39m: 2795
[2026-08-03 13:08:03.353 +0700] [32mINFO[39m: [36mrequest completed[39m
    [35mreq[39m: {
      "id": "86d53904-a74d-40fe-89ba-f64112ab5f03",
      "method": "PATCH",
      "url": "/api/test-cases/49cc3702-be34-40b6-a14d-02a637a51910/steps/3",
      "query": {},
      "params": {},
      "headers": {
        "authorization": "[REDACTED]",
        "user-agent": "Mozilla/5.0 (Windows NT; Windows NT 10.0; en-US) WindowsPowerShell/5.1.26100.8875",
        "content-type": "application/json",
        "host": "localhost:3001",
        "content-length": "542",
        "expect": "100-continue"
      },
      "remoteAddress": "::1",
      "remotePort": 60554
    }
    [35mres[39m: {
      "statusCode": 200,
      "headers": {
        "content-security-policy": "default-src 'self';base-uri 'self';font-src 'self' https: data:;form-action 'self';frame-ancestors 'self';img-src 'self' data:;object-src 'none';script-src 'self';script-src-attr 'none';style-src 'self' https: 'unsafe-inline';upgrade-insecure-requests",
        "cross-origin-opener-policy": "same-origin",
        "cross-origin-resource-policy": "cross-origin",
        "origin-agent-cluster": "?1",
        "referrer-policy": "no-referrer",
        "strict-transport-security": "max-age=31536000; includeSubDomains",
        "x-content-type-options": "nosniff",
        "x-dns-prefetch-control": "off",
        "x-download-options": "noopen",
        "x-frame-options": "DENY",
        "x-permitted-cross-domain-policies": "none",
        "x-xss-protection": "0",
        "access-control-allow-origin": "http://localhost:3000",
        "vary": "Origin, Accept-Encoding",
        "access-control-allow-credentials": "true",
        "ratelimit-policy": "100;w=900",
        "ratelimit-limit": "100",
        "ratelimit-remaining": "70",
        "ratelimit-reset": "812",
        "content-type": "application/json; charset=utf-8",
        "content-length": "613",
        "etag": "W/\"265-8cpCJR39BLrKhFY3lcm8mBzvLKg\""
      }
    }
    [35mresponseTime[39m: 16
[2026-08-03 13:08:27.656 +0700] [32mINFO[39m: [36mrequest completed[39m
    [35mreq[39m: {
      "id": "80e22a11-7d8f-4e3c-88b6-1c2750a5984c",
      "method": "GET",
      "url": "/api/auth/me",
      "query": {},
      "params": {},
      "headers": {
        "host": "localhost:3001",
        "connection": "keep-alive",
        "sec-ch-ua-platform": "\"Windows\"",
        "authorization": "[REDACTED]",
        "user-agent": "Mozilla/5.0 (Windows NT 10.0; Win64; x64) AppleWebKit/537.36 (KHTML, like Gecko) Chrome/150.0.0.0 Safari/537.36",
        "accept": "application/json, text/plain, */*",
        "sec-ch-ua": "\"Not;A=Brand\";v=\"8\", \"Chromium\";v=\"150\", \"Google Chrome\";v=\"150\"",
        "sec-ch-ua-mobile": "?0",
        "origin": "http://localhost:3000",
        "sec-fetch-site": "same-site",
        "sec-fetch-mode": "cors",
        "sec-fetch-dest": "empty",
        "referer": "http://localhost:3000/",
        "accept-encoding": "gzip, deflate, br, zstd",
        "accept-language": "en-US,en;q=0.9,id;q=0.8,ms;q=0.7",
        "if-none-match": "W/\"11e-yW9WRbiAN5HL7I08CFCYTZihlDY\""
      },
      "remoteAddress": "::1",
      "remotePort": 55081
    }
    [35mres[39m: {
      "statusCode": 200,
      "headers": {
        "content-security-policy": "default-src 'self';base-uri 'self';font-src 'self' https: data:;form-action 'self';frame-ancestors 'self';img-src 'self' data:;object-src 'none';script-src 'self';script-src-attr 'none';style-src 'self' https: 'unsafe-inline';upgrade-insecure-requests",
        "cross-origin-opener-policy": "same-origin",
        "cross-origin-resource-policy": "cross-origin",
        "origin-agent-cluster": "?1",
        "referrer-policy": "no-referrer",
        "strict-transport-security": "max-age=31536000; includeSubDomains",
        "x-content-type-options": "nosniff",
        "x-dns-prefetch-control": "off",
        "x-download-options": "noopen",
        "x-frame-options": "DENY",
        "x-permitted-cross-domain-policies": "none",
        "x-xss-protection": "0",
        "access-control-allow-origin": "http://localhost:3000",
        "vary": "Origin, Accept-Encoding",
        "access-control-allow-credentials": "true",
        "ratelimit-policy": "20;w=900",
        "ratelimit-limit": "20",
        "ratelimit-remaining": "7",
        "ratelimit-reset": "788",
        "content-type": "application/json; charset=utf-8",
        "content-length": "286",
        "etag": "W/\"11e-Zyj5jPphxVufSdk9D0yC7iGScAw\""
      }
    }
    [35mresponseTime[39m: 11
[2026-08-03 13:08:27.795 +0700] [32mINFO[39m: [36mrequest completed[39m
    [35mreq[39m: {
      "id": "53f66765-1850-43fd-9dd6-4e2416016b91",
      "method": "GET",
      "url": "/api/executions?page=1&limit=20",
      "query": {
        "page": "1",
        "limit": "20"
      },
      "params": {},
      "headers": {
        "host": "localhost:3001",
        "connection": "keep-alive",
        "sec-ch-ua-platform": "\"Windows\"",
        "authorization": "[REDACTED]",
        "user-agent": "Mozilla/5.0 (Windows NT 10.0; Win64; x64) AppleWebKit/537.36 (KHTML, like Gecko) Chrome/150.0.0.0 Safari/537.36",
        "accept": "application/json, text/plain, */*",
        "sec-ch-ua": "\"Not;A=Brand\";v=\"8\", \"Chromium\";v=\"150\", \"Google Chrome\";v=\"150\"",
        "sec-ch-ua-mobile": "?0",
        "origin": "http://localhost:3000",
        "sec-fetch-site": "same-site",
        "sec-fetch-mode": "cors",
        "sec-fetch-dest": "empty",
        "referer": "http://localhost:3000/",
        "accept-encoding": "gzip, deflate, br, zstd",
        "accept-language": "en-US,en;q=0.9,id;q=0.8,ms;q=0.7",
        "if-none-match": "W/\"26b5-upqfENRKqmFjdlUFtPuByj/i+0I\""
      },
      "remoteAddress": "::1",
      "remotePort": 55081
    }
    [35mres[39m: {
      "statusCode": 200,
      "headers": {
        "content-security-policy": "default-src 'self';base-uri 'self';font-src 'self' https: data:;form-action 'self';frame-ancestors 'self';img-src 'self' data:;object-src 'none';script-src 'self';script-src-attr 'none';style-src 'self' https: 'unsafe-inline';upgrade-insecure-requests",
        "cross-origin-opener-policy": "same-origin",
        "cross-origin-resource-policy": "cross-origin",
        "origin-agent-cluster": "?1",
        "referrer-policy": "no-referrer",
        "strict-transport-security": "max-age=31536000; includeSubDomains",
        "x-content-type-options": "nosniff",
        "x-dns-prefetch-control": "off",
        "x-download-options": "noopen",
        "x-frame-options": "DENY",
        "x-permitted-cross-domain-policies": "none",
        "x-xss-protection": "0",
        "access-control-allow-origin": "http://localhost:3000",
        "vary": "Origin, Accept-Encoding",
        "access-control-allow-credentials": "true",
        "ratelimit-policy": "100;w=900",
        "ratelimit-limit": "100",
        "ratelimit-remaining": "68",
        "ratelimit-reset": "788",
        "content-type": "application/json; charset=utf-8",
        "etag": "W/\"26ad-G90Xw+GFYTsZkyv1NmAxZQ91RRY\"",
        "content-encoding": "br"
      }
    }
    [35mresponseTime[39m: 23
[2026-08-03 13:08:33.471 +0700] [32mINFO[39m: [36mrequest completed[39m
    [35mreq[39m: {
      "id": "efe30c7c-4cb9-46d3-b1f8-25af69d8970d",
      "method": "GET",
      "url": "/api/executions/bb97298f-2130-46ab-a03d-4825f260a13c",
      "query": {},
      "params": {},
      "headers": {
        "host": "localhost:3001",
        "connection": "keep-alive",
        "sec-ch-ua-platform": "\"Windows\"",
        "authorization": "[REDACTED]",
        "user-agent": "Mozilla/5.0 (Windows NT 10.0; Win64; x64) AppleWebKit/537.36 (KHTML, like Gecko) Chrome/150.0.0.0 Safari/537.36",
        "accept": "application/json, text/plain, */*",
        "sec-ch-ua": "\"Not;A=Brand\";v=\"8\", \"Chromium\";v=\"150\", \"Google Chrome\";v=\"150\"",
        "sec-ch-ua-mobile": "?0",
        "origin": "http://localhost:3000",
        "sec-fetch-site": "same-site",
        "sec-fetch-mode": "cors",
        "sec-fetch-dest": "empty",
        "referer": "http://localhost:3000/",
        "accept-encoding": "gzip, deflate, br, zstd",
        "accept-language": "en-US,en;q=0.9,id;q=0.8,ms;q=0.7"
      },
      "remoteAddress": "::1",
      "remotePort": 55081
    }
    [35mres[39m: {
      "statusCode": 200,
      "headers": {
        "content-security-policy": "default-src 'self';base-uri 'self';font-src 'self' https: data:;form-action 'self';frame-ancestors 'self';img-src 'self' data:;object-src 'none';script-src 'self';script-src-attr 'none';style-src 'self' https: 'unsafe-inline';upgrade-insecure-requests",
        "cross-origin-opener-policy": "same-origin",
        "cross-origin-resource-policy": "cross-origin",
        "origin-agent-cluster": "?1",
        "referrer-policy": "no-referrer",
        "strict-transport-security": "max-age=31536000; includeSubDomains",
        "x-content-type-options": "nosniff",
        "x-dns-prefetch-control": "off",
        "x-download-options": "noopen",
        "x-frame-options": "DENY",
        "x-permitted-cross-domain-policies": "none",
        "x-xss-protection": "0",
        "access-control-allow-origin": "http://localhost:3000",
        "vary": "Origin, Accept-Encoding",
        "access-control-allow-credentials": "true",
        "ratelimit-policy": "100;w=900",
        "ratelimit-limit": "100",
        "ratelimit-remaining": "67",
        "ratelimit-reset": "782",
        "content-type": "application/json; charset=utf-8",
        "etag": "W/\"507f-ugoS4R+MkTzHQU2CotJFcLzNvgM\"",
        "content-encoding": "br"
      }
    }
    [35mresponseTime[39m: 35
[2026-08-03 13:08:33.476 +0700] [32mINFO[39m: [36mrequest completed[39m
    [35mreq[39m: {
      "id": "13f738be-b26f-47b7-b64c-ac00f986fdac",
      "method": "GET",
      "url": "/api/executions/bb97298f-2130-46ab-a03d-4825f260a13c/logs",
      "query": {},
      "params": {},
      "headers": {
        "host": "localhost:3001",
        "connection": "keep-alive",
        "sec-ch-ua-platform": "\"Windows\"",
        "authorization": "[REDACTED]",
        "user-agent": "Mozilla/5.0 (Windows NT 10.0; Win64; x64) AppleWebKit/537.36 (KHTML, like Gecko) Chrome/150.0.0.0 Safari/537.36",
        "accept": "application/json, text/plain, */*",
        "sec-ch-ua": "\"Not;A=Brand\";v=\"8\", \"Chromium\";v=\"150\", \"Google Chrome\";v=\"150\"",
        "sec-ch-ua-mobile": "?0",
        "origin": "http://localhost:3000",
        "sec-fetch-site": "same-site",
        "sec-fetch-mode": "cors",
        "sec-fetch-dest": "empty",
        "referer": "http://localhost:3000/",
        "accept-encoding": "gzip, deflate, br, zstd",
        "accept-language": "en-US,en;q=0.9,id;q=0.8,ms;q=0.7"
      },
      "remoteAddress": "::1",
      "remotePort": 50842
    }
    [35mres[39m: {
      "statusCode": 200,
      "headers": {
        "content-security-policy": "default-src 'self';base-uri 'self';font-src 'self' https: data:;form-action 'self';frame-ancestors 'self';img-src 'self' data:;object-src 'none';script-src 'self';script-src-attr 'none';style-src 'self' https: 'unsafe-inline';upgrade-insecure-requests",
        "cross-origin-opener-policy": "same-origin",
        "cross-origin-resource-policy": "cross-origin",
        "origin-agent-cluster": "?1",
        "referrer-policy": "no-referrer",
        "strict-transport-security": "max-age=31536000; includeSubDomains",
        "x-content-type-options": "nosniff",
        "x-dns-prefetch-control": "off",
        "x-download-options": "noopen",
        "x-frame-options": "DENY",
        "x-permitted-cross-domain-policies": "none",
        "x-xss-protection": "0",
        "access-control-allow-origin": "http://localhost:3000",
        "vary": "Origin, Accept-Encoding",
        "access-control-allow-credentials": "true",
        "ratelimit-policy": "100;w=900",
        "ratelimit-limit": "100",
        "ratelimit-remaining": "66",
        "ratelimit-reset": "782",
        "content-type": "application/json; charset=utf-8",
        "etag": "W/\"2125-9R2plnZUPcTxVK7XmQTW510ybd8\"",
        "content-encoding": "br"
      }
    }
    [35mresponseTime[39m: 35
[2026-08-03 13:08:33.511 +0700] [32mINFO[39m: [36mrequest completed[39m
    [35mreq[39m: {
      "id": "b6a55033-bead-4504-ab5c-ce60dfd09941",
      "method": "GET",
      "url": "/storage/executions/EX-0026.png",
      "query": {},
      "params": {},
      "headers": {
        "host": "localhost:3001",
        "connection": "keep-alive",
        "sec-ch-ua-platform": "\"Windows\"",
        "user-agent": "Mozilla/5.0 (Windows NT 10.0; Win64; x64) AppleWebKit/537.36 (KHTML, like Gecko) Chrome/150.0.0.0 Safari/537.36",
        "sec-ch-ua": "\"Not;A=Brand\";v=\"8\", \"Chromium\";v=\"150\", \"Google Chrome\";v=\"150\"",
        "sec-ch-ua-mobile": "?0",
        "accept": "image/avif,image/webp,image/apng,image/svg+xml,image/*,*/*;q=0.8",
        "sec-fetch-site": "same-site",
        "sec-fetch-mode": "no-cors",
        "sec-fetch-dest": "image",
        "referer": "http://localhost:3000/",
        "accept-encoding": "gzip, deflate, br, zstd",
        "accept-language": "en-US,en;q=0.9,id;q=0.8,ms;q=0.7",
        "cookie": "ajs_anonymous_id=b6174088-e80a-4aaf-81cd-1a214ff488e0; locale=en; __next_hmr_refresh_hash__=84"
      },
      "remoteAddress": "::1",
      "remotePort": 59165
    }
    [35mres[39m: {
      "statusCode": 200,
      "headers": {
        "content-security-policy": "default-src 'self';base-uri 'self';font-src 'self' https: data:;form-action 'self';frame-ancestors 'self';img-src 'self' data:;object-src 'none';script-src 'self';script-src-attr 'none';style-src 'self' https: 'unsafe-inline';upgrade-insecure-requests",
        "cross-origin-opener-policy": "same-origin",
        "cross-origin-resource-policy": "cross-origin",
        "origin-agent-cluster": "?1",
        "referrer-policy": "no-referrer",
        "strict-transport-security": "max-age=31536000; includeSubDomains",
        "x-content-type-options": "nosniff",
        "x-dns-prefetch-control": "off",
        "x-download-options": "noopen",
        "x-frame-options": "DENY",
        "x-permitted-cross-domain-policies": "none",
        "x-xss-protection": "0",
        "access-control-allow-origin": "http://localhost:3000",
        "vary": "Origin",
        "access-control-allow-credentials": "true",
        "ratelimit-policy": "100;w=900",
        "ratelimit-limit": "100",
        "ratelimit-remaining": "65",
        "ratelimit-reset": "782",
        "accept-ranges": "bytes",
        "cache-control": "public, max-age=0",
        "last-modified": "Mon, 03 Aug 2026 06:06:59 GMT",
        "etag": "W/\"8fa4-19fc63b8e15\"",
        "content-type": "image/png",
        "content-length": 36772
      }
    }
    [35mresponseTime[39m: 21
[2026-08-03 13:08:38.233 +0700] [32mINFO[39m: [36mrequest completed[39m
    [35mreq[39m: {
      "id": "05b6a76a-cd16-459a-9215-f457066db268",
      "method": "GET",
      "url": "/api/projects",
      "query": {},
      "params": {},
      "headers": {
        "host": "localhost:3001",
        "connection": "keep-alive",
        "sec-ch-ua-platform": "\"Windows\"",
        "authorization": "[REDACTED]",
        "user-agent": "Mozilla/5.0 (Windows NT 10.0; Win64; x64) AppleWebKit/537.36 (KHTML, like Gecko) Chrome/150.0.0.0 Safari/537.36",
        "accept": "application/json, text/plain, */*",
        "sec-ch-ua": "\"Not;A=Brand\";v=\"8\", \"Chromium\";v=\"150\", \"Google Chrome\";v=\"150\"",
        "sec-ch-ua-mobile": "?0",
        "origin": "http://localhost:3000",
        "sec-fetch-site": "same-site",
        "sec-fetch-mode": "cors",
        "sec-fetch-dest": "empty",
        "referer": "http://localhost:3000/",
        "accept-encoding": "gzip, deflate, br, zstd",
        "accept-language": "en-US,en;q=0.9,id;q=0.8,ms;q=0.7",
        "if-none-match": "W/\"245-GM+dP0Eifh7vZ/LfH3Shu/RA6Mg\""
      },
      "remoteAddress": "::1",
      "remotePort": 50842
    }
    [35mres[39m: {
      "statusCode": 200,
      "headers": {
        "content-security-policy": "default-src 'self';base-uri 'self';font-src 'self' https: data:;form-action 'self';frame-ancestors 'self';img-src 'self' data:;object-src 'none';script-src 'self';script-src-attr 'none';style-src 'self' https: 'unsafe-inline';upgrade-insecure-requests",
        "cross-origin-opener-policy": "same-origin",
        "cross-origin-resource-policy": "cross-origin",
        "origin-agent-cluster": "?1",
        "referrer-policy": "no-referrer",
        "strict-transport-security": "max-age=31536000; includeSubDomains",
        "x-content-type-options": "nosniff",
        "x-dns-prefetch-control": "off",
        "x-download-options": "noopen",
        "x-frame-options": "DENY",
        "x-permitted-cross-domain-policies": "none",
        "x-xss-protection": "0",
        "access-control-allow-origin": "http://localhost:3000",
        "vary": "Origin, Accept-Encoding",
        "access-control-allow-credentials": "true",
        "ratelimit-policy": "100;w=900",
        "ratelimit-limit": "100",
        "ratelimit-remaining": "64",
        "ratelimit-reset": "777",
        "content-type": "application/json; charset=utf-8",
        "content-length": "920",
        "etag": "W/\"398-E+NfcRK0AbAszHGYp46UMEN5ckM\""
      }
    }
    [35mresponseTime[39m: 13
[2026-08-03 13:08:40.015 +0700] [32mINFO[39m: [36mrequest completed[39m
    [35mreq[39m: {
      "id": "83c6ff32-9561-42e7-bd59-b0bfce2d8e67",
      "method": "GET",
      "url": "/api/projects?limit=100",
      "query": {
        "limit": "100"
      },
      "params": {},
      "headers": {
        "host": "localhost:3001",
        "connection": "keep-alive",
        "sec-ch-ua-platform": "\"Windows\"",
        "authorization": "[REDACTED]",
        "user-agent": "Mozilla/5.0 (Windows NT 10.0; Win64; x64) AppleWebKit/537.36 (KHTML, like Gecko) Chrome/150.0.0.0 Safari/537.36",
        "accept": "application/json, text/plain, */*",
        "sec-ch-ua": "\"Not;A=Brand\";v=\"8\", \"Chromium\";v=\"150\", \"Google Chrome\";v=\"150\"",
        "sec-ch-ua-mobile": "?0",
        "origin": "http://localhost:3000",
        "sec-fetch-site": "same-site",
        "sec-fetch-mode": "cors",
        "sec-fetch-dest": "empty",
        "referer": "http://localhost:3000/",
        "accept-encoding": "gzip, deflate, br, zstd",
        "accept-language": "en-US,en;q=0.9,id;q=0.8,ms;q=0.7",
        "if-none-match": "W/\"246-jsnt2dr3P1oPaAjJUECE1wost+U\""
      },
      "remoteAddress": "::1",
      "remotePort": 51143
    }
    [35mres[39m: {
      "statusCode": 200,
      "headers": {
        "content-security-policy": "default-src 'self';base-uri 'self';font-src 'self' https: data:;form-action 'self';frame-ancestors 'self';img-src 'self' data:;object-src 'none';script-src 'self';script-src-attr 'none';style-src 'self' https: 'unsafe-inline';upgrade-insecure-requests",
        "cross-origin-opener-policy": "same-origin",
        "cross-origin-resource-policy": "cross-origin",
        "origin-agent-cluster": "?1",
        "referrer-policy": "no-referrer",
        "strict-transport-security": "max-age=31536000; includeSubDomains",
        "x-content-type-options": "nosniff",
        "x-dns-prefetch-control": "off",
        "x-download-options": "noopen",
        "x-frame-options": "DENY",
        "x-permitted-cross-domain-policies": "none",
        "x-xss-protection": "0",
        "access-control-allow-origin": "http://localhost:3000",
        "vary": "Origin, Accept-Encoding",
        "access-control-allow-credentials": "true",
        "ratelimit-policy": "100;w=900",
        "ratelimit-limit": "100",
        "ratelimit-remaining": "63",
        "ratelimit-reset": "775",
        "content-type": "application/json; charset=utf-8",
        "content-length": "921",
        "etag": "W/\"399-qKqLvBTGiIV5RDB/eL5IlFHK7o0\""
      }
    }
    [35mresponseTime[39m: 20
[2026-08-03 13:08:40.019 +0700] [32mINFO[39m: [36mrequest completed[39m
    [35mreq[39m: {
      "id": "7bb8ff58-68e8-4d24-81bf-db31eb2686e7",
      "method": "GET",
      "url": "/api/test-cases?page=1&limit=50",
      "query": {
        "page": "1",
        "limit": "50"
      },
      "params": {},
      "headers": {
        "host": "localhost:3001",
        "connection": "keep-alive",
        "sec-ch-ua-platform": "\"Windows\"",
        "authorization": "[REDACTED]",
        "user-agent": "Mozilla/5.0 (Windows NT 10.0; Win64; x64) AppleWebKit/537.36 (KHTML, like Gecko) Chrome/150.0.0.0 Safari/537.36",
        "accept": "application/json, text/plain, */*",
        "sec-ch-ua": "\"Not;A=Brand\";v=\"8\", \"Chromium\";v=\"150\", \"Google Chrome\";v=\"150\"",
        "sec-ch-ua-mobile": "?0",
        "origin": "http://localhost:3000",
        "sec-fetch-site": "same-site",
        "sec-fetch-mode": "cors",
        "sec-fetch-dest": "empty",
        "referer": "http://localhost:3000/",
        "accept-encoding": "gzip, deflate, br, zstd",
        "accept-language": "en-US,en;q=0.9,id;q=0.8,ms;q=0.7",
        "if-none-match": "W/\"b3e-IqtJhS1njwBEUNjVQO9ZSWq02g4\""
      },
      "remoteAddress": "::1",
      "remotePort": 50842
    }
    [35mres[39m: {
      "statusCode": 200,
      "headers": {
        "content-security-policy": "default-src 'self';base-uri 'self';font-src 'self' https: data:;form-action 'self';frame-ancestors 'self';img-src 'self' data:;object-src 'none';script-src 'self';script-src-attr 'none';style-src 'self' https: 'unsafe-inline';upgrade-insecure-requests",
        "cross-origin-opener-policy": "same-origin",
        "cross-origin-resource-policy": "cross-origin",
        "origin-agent-cluster": "?1",
        "referrer-policy": "no-referrer",
        "strict-transport-security": "max-age=31536000; includeSubDomains",
        "x-content-type-options": "nosniff",
        "x-dns-prefetch-control": "off",
        "x-download-options": "noopen",
        "x-frame-options": "DENY",
        "x-permitted-cross-domain-policies": "none",
        "x-xss-protection": "0",
        "access-control-allow-origin": "http://localhost:3000",
        "vary": "Origin, Accept-Encoding",
        "access-control-allow-credentials": "true",
        "ratelimit-policy": "100;w=900",
        "ratelimit-limit": "100",
        "ratelimit-remaining": "62",
        "ratelimit-reset": "775",
        "content-type": "application/json; charset=utf-8",
        "etag": "W/\"b3e-WmICrOrSs1He9BrLyO1g3AN+UNA\"",
        "content-encoding": "br"
      }
    }
    [35mresponseTime[39m: 20
[2026-08-03 13:08:41.121 +0700] [32mINFO[39m: [36mrequest completed[39m
    [35mreq[39m: {
      "id": "ffc8d69c-288e-46d0-af8b-2b9db5b50fe4",
      "method": "GET",
      "url": "/api/projects?page=1&limit=100",
      "query": {
        "page": "1",
        "limit": "100"
      },
      "params": {},
      "headers": {
        "host": "localhost:3001",
        "connection": "keep-alive",
        "sec-ch-ua-platform": "\"Windows\"",
        "authorization": "[REDACTED]",
        "user-agent": "Mozilla/5.0 (Windows NT 10.0; Win64; x64) AppleWebKit/537.36 (KHTML, like Gecko) Chrome/150.0.0.0 Safari/537.36",
        "accept": "application/json, text/plain, */*",
        "sec-ch-ua": "\"Not;A=Brand\";v=\"8\", \"Chromium\";v=\"150\", \"Google Chrome\";v=\"150\"",
        "sec-ch-ua-mobile": "?0",
        "origin": "http://localhost:3000",
        "sec-fetch-site": "same-site",
        "sec-fetch-mode": "cors",
        "sec-fetch-dest": "empty",
        "referer": "http://localhost:3000/",
        "accept-encoding": "gzip, deflate, br, zstd",
        "accept-language": "en-US,en;q=0.9,id;q=0.8,ms;q=0.7",
        "if-none-match": "W/\"246-HnEbebtPMpXWhxUXJIOrk3mOxMQ\""
      },
      "remoteAddress": "::1",
      "remotePort": 51143
    }
    [35mres[39m: {
      "statusCode": 200,
      "headers": {
        "content-security-policy": "default-src 'self';base-uri 'self';font-src 'self' https: data:;form-action 'self';frame-ancestors 'self';img-src 'self' data:;object-src 'none';script-src 'self';script-src-attr 'none';style-src 'self' https: 'unsafe-inline';upgrade-insecure-requests",
        "cross-origin-opener-policy": "same-origin",
        "cross-origin-resource-policy": "cross-origin",
        "origin-agent-cluster": "?1",
        "referrer-policy": "no-referrer",
        "strict-transport-security": "max-age=31536000; includeSubDomains",
        "x-content-type-options": "nosniff",
        "x-dns-prefetch-control": "off",
        "x-download-options": "noopen",
        "x-frame-options": "DENY",
        "x-permitted-cross-domain-policies": "none",
        "x-xss-protection": "0",
        "access-control-allow-origin": "http://localhost:3000",
        "vary": "Origin, Accept-Encoding",
        "access-control-allow-credentials": "true",
        "ratelimit-policy": "100;w=900",
        "ratelimit-limit": "100",
        "ratelimit-remaining": "61",
        "ratelimit-reset": "774",
        "content-type": "application/json; charset=utf-8",
        "content-length": "921",
        "etag": "W/\"399-uqKWPqr5rJsivzgfYeM9yP6PBzQ\""
      }
    }
    [35mresponseTime[39m: 27
[2026-08-03 13:08:41.125 +0700] [32mINFO[39m: [36mrequest completed[39m
    [35mreq[39m: {
      "id": "d2384fd6-75e2-48da-9706-501fadaf479f",
      "method": "GET",
      "url": "/api/test-cases?page=1&limit=10&sortBy=createdAt&sortOrder=desc",
      "query": {
        "page": "1",
        "limit": "10",
        "sortBy": "createdAt",
        "sortOrder": "desc"
      },
      "params": {},
      "headers": {
        "host": "localhost:3001",
        "connection": "keep-alive",
        "sec-ch-ua-platform": "\"Windows\"",
        "authorization": "[REDACTED]",
        "user-agent": "Mozilla/5.0 (Windows NT 10.0; Win64; x64) AppleWebKit/537.36 (KHTML, like Gecko) Chrome/150.0.0.0 Safari/537.36",
        "accept": "application/json, text/plain, */*",
        "sec-ch-ua": "\"Not;A=Brand\";v=\"8\", \"Chromium\";v=\"150\", \"Google Chrome\";v=\"150\"",
        "sec-ch-ua-mobile": "?0",
        "origin": "http://localhost:3000",
        "sec-fetch-site": "same-site",
        "sec-fetch-mode": "cors",
        "sec-fetch-dest": "empty",
        "referer": "http://localhost:3000/",
        "accept-encoding": "gzip, deflate, br, zstd",
        "accept-language": "en-US,en;q=0.9,id;q=0.8,ms;q=0.7",
        "if-none-match": "W/\"b3e-gs44/kPUsdVM5yfjBhZ31Gn/EAM\""
      },
      "remoteAddress": "::1",
      "remotePort": 50842
    }
    [35mres[39m: {
      "statusCode": 200,
      "headers": {
        "content-security-policy": "default-src 'self';base-uri 'self';font-src 'self' https: data:;form-action 'self';frame-ancestors 'self';img-src 'self' data:;object-src 'none';script-src 'self';script-src-attr 'none';style-src 'self' https: 'unsafe-inline';upgrade-insecure-requests",
        "cross-origin-opener-policy": "same-origin",
        "cross-origin-resource-policy": "cross-origin",
        "origin-agent-cluster": "?1",
        "referrer-policy": "no-referrer",
        "strict-transport-security": "max-age=31536000; includeSubDomains",
        "x-content-type-options": "nosniff",
        "x-dns-prefetch-control": "off",
        "x-download-options": "noopen",
        "x-frame-options": "DENY",
        "x-permitted-cross-domain-policies": "none",
        "x-xss-protection": "0",
        "access-control-allow-origin": "http://localhost:3000",
        "vary": "Origin, Accept-Encoding",
        "access-control-allow-credentials": "true",
        "ratelimit-policy": "100;w=900",
        "ratelimit-limit": "100",
        "ratelimit-remaining": "60",
        "ratelimit-reset": "774",
        "content-type": "application/json; charset=utf-8",
        "etag": "W/\"b3e-J7OyADrTfJd2aYDSphSPERD+6Zc\"",
        "content-encoding": "br"
      }
    }
    [35mresponseTime[39m: 21
[2026-08-03 13:08:44.049 +0700] [32mINFO[39m: [36mrequest completed[39m
    [35mreq[39m: {
      "id": "c6130859-556e-4dfc-a098-545449587abb",
      "method": "GET",
      "url": "/api/executions/4b2a8fc8-af5b-459b-abc8-82938578dd21",
      "query": {},
      "params": {},
      "headers": {
        "host": "localhost:3001",
        "connection": "keep-alive",
        "sec-ch-ua-platform": "\"Windows\"",
        "authorization": "[REDACTED]",
        "user-agent": "Mozilla/5.0 (Windows NT 10.0; Win64; x64) AppleWebKit/537.36 (KHTML, like Gecko) Chrome/150.0.0.0 Safari/537.36",
        "accept": "application/json, text/plain, */*",
        "sec-ch-ua": "\"Not;A=Brand\";v=\"8\", \"Chromium\";v=\"150\", \"Google Chrome\";v=\"150\"",
        "sec-ch-ua-mobile": "?0",
        "origin": "http://localhost:3000",
        "sec-fetch-site": "same-site",
        "sec-fetch-mode": "cors",
        "sec-fetch-dest": "empty",
        "referer": "http://localhost:3000/",
        "accept-encoding": "gzip, deflate, br, zstd",
        "accept-language": "en-US,en;q=0.9,id;q=0.8,ms;q=0.7"
      },
      "remoteAddress": "::1",
      "remotePort": 51143
    }
    [35mres[39m: {
      "statusCode": 200,
      "headers": {
        "content-security-policy": "default-src 'self';base-uri 'self';font-src 'self' https: data:;form-action 'self';frame-ancestors 'self';img-src 'self' data:;object-src 'none';script-src 'self';script-src-attr 'none';style-src 'self' https: 'unsafe-inline';upgrade-insecure-requests",
        "cross-origin-opener-policy": "same-origin",
        "cross-origin-resource-policy": "cross-origin",
        "origin-agent-cluster": "?1",
        "referrer-policy": "no-referrer",
        "strict-transport-security": "max-age=31536000; includeSubDomains",
        "x-content-type-options": "nosniff",
        "x-dns-prefetch-control": "off",
        "x-download-options": "noopen",
        "x-frame-options": "DENY",
        "x-permitted-cross-domain-policies": "none",
        "x-xss-protection": "0",
        "access-control-allow-origin": "http://localhost:3000",
        "vary": "Origin, Accept-Encoding",
        "access-control-allow-credentials": "true",
        "ratelimit-policy": "100;w=900",
        "ratelimit-limit": "100",
        "ratelimit-remaining": "59",
        "ratelimit-reset": "771",
        "content-type": "application/json; charset=utf-8",
        "etag": "W/\"3d72-BJ3bVzcehrd70IMmkca58cBy7Xo\"",
        "content-encoding": "br"
      }
    }
    [35mresponseTime[39m: 29
[2026-08-03 13:08:44.054 +0700] [32mINFO[39m: [36mrequest completed[39m
    [35mreq[39m: {
      "id": "9ee9f137-abcf-4c69-845e-cf74ae949ba9",
      "method": "GET",
      "url": "/api/executions/4b2a8fc8-af5b-459b-abc8-82938578dd21/logs",
      "query": {},
      "params": {},
      "headers": {
        "host": "localhost:3001",
        "connection": "keep-alive",
        "sec-ch-ua-platform": "\"Windows\"",
        "authorization": "[REDACTED]",
        "user-agent": "Mozilla/5.0 (Windows NT 10.0; Win64; x64) AppleWebKit/537.36 (KHTML, like Gecko) Chrome/150.0.0.0 Safari/537.36",
        "accept": "application/json, text/plain, */*",
        "sec-ch-ua": "\"Not;A=Brand\";v=\"8\", \"Chromium\";v=\"150\", \"Google Chrome\";v=\"150\"",
        "sec-ch-ua-mobile": "?0",
        "origin": "http://localhost:3000",
        "sec-fetch-site": "same-site",
        "sec-fetch-mode": "cors",
        "sec-fetch-dest": "empty",
        "referer": "http://localhost:3000/",
        "accept-encoding": "gzip, deflate, br, zstd",
        "accept-language": "en-US,en;q=0.9,id;q=0.8,ms;q=0.7"
      },
      "remoteAddress": "::1",
      "remotePort": 50842
    }
    [35mres[39m: {
      "statusCode": 200,
      "headers": {
        "content-security-policy": "default-src 'self';base-uri 'self';font-src 'self' https: data:;form-action 'self';frame-ancestors 'self';img-src 'self' data:;object-src 'none';script-src 'self';script-src-attr 'none';style-src 'self' https: 'unsafe-inline';upgrade-insecure-requests",
        "cross-origin-opener-policy": "same-origin",
        "cross-origin-resource-policy": "cross-origin",
        "origin-agent-cluster": "?1",
        "referrer-policy": "no-referrer",
        "strict-transport-security": "max-age=31536000; includeSubDomains",
        "x-content-type-options": "nosniff",
        "x-dns-prefetch-control": "off",
        "x-download-options": "noopen",
        "x-frame-options": "DENY",
        "x-permitted-cross-domain-policies": "none",
        "x-xss-protection": "0",
        "access-control-allow-origin": "http://localhost:3000",
        "vary": "Origin, Accept-Encoding",
        "access-control-allow-credentials": "true",
        "ratelimit-policy": "100;w=900",
        "ratelimit-limit": "100",
        "ratelimit-remaining": "58",
        "ratelimit-reset": "771",
        "content-type": "application/json; charset=utf-8",
        "etag": "W/\"1344-3CwqnIG7undXiUXwpQS7YIWq4ts\"",
        "content-encoding": "br"
      }
    }
    [35mresponseTime[39m: 30
[2026-08-03 13:08:44.075 +0700] [32mINFO[39m: [36mrequest completed[39m
    [35mreq[39m: {
      "id": "98af29a1-8e78-4fe2-b0c1-37ad97f20040",
      "method": "GET",
      "url": "/storage/executions/EX-0028.png",
      "query": {},
      "params": {},
      "headers": {
        "host": "localhost:3001",
        "connection": "keep-alive",
        "sec-ch-ua-platform": "\"Windows\"",
        "user-agent": "Mozilla/5.0 (Windows NT 10.0; Win64; x64) AppleWebKit/537.36 (KHTML, like Gecko) Chrome/150.0.0.0 Safari/537.36",
        "sec-ch-ua": "\"Not;A=Brand\";v=\"8\", \"Chromium\";v=\"150\", \"Google Chrome\";v=\"150\"",
        "sec-ch-ua-mobile": "?0",
        "accept": "image/avif,image/webp,image/apng,image/svg+xml,image/*,*/*;q=0.8",
        "sec-fetch-site": "same-site",
        "sec-fetch-mode": "no-cors",
        "sec-fetch-dest": "image",
        "referer": "http://localhost:3000/",
        "accept-encoding": "gzip, deflate, br, zstd",
        "accept-language": "en-US,en;q=0.9,id;q=0.8,ms;q=0.7",
        "cookie": "ajs_anonymous_id=b6174088-e80a-4aaf-81cd-1a214ff488e0; locale=en; __next_hmr_refresh_hash__=84"
      },
      "remoteAddress": "::1",
      "remotePort": 63833
    }
    [35mres[39m: {
      "statusCode": 200,
      "headers": {
        "content-security-policy": "default-src 'self';base-uri 'self';font-src 'self' https: data:;form-action 'self';frame-ancestors 'self';img-src 'self' data:;object-src 'none';script-src 'self';script-src-attr 'none';style-src 'self' https: 'unsafe-inline';upgrade-insecure-requests",
        "cross-origin-opener-policy": "same-origin",
        "cross-origin-resource-policy": "cross-origin",
        "origin-agent-cluster": "?1",
        "referrer-policy": "no-referrer",
        "strict-transport-security": "max-age=31536000; includeSubDomains",
        "x-content-type-options": "nosniff",
        "x-dns-prefetch-control": "off",
        "x-download-options": "noopen",
        "x-frame-options": "DENY",
        "x-permitted-cross-domain-policies": "none",
        "x-xss-protection": "0",
        "access-control-allow-origin": "http://localhost:3000",
        "vary": "Origin",
        "access-control-allow-credentials": "true",
        "ratelimit-policy": "100;w=900",
        "ratelimit-limit": "100",
        "ratelimit-remaining": "57",
        "ratelimit-reset": "771",
        "accept-ranges": "bytes",
        "cache-control": "public, max-age=0",
        "last-modified": "Mon, 03 Aug 2026 06:08:03 GMT",
        "etag": "W/\"ef04-19fc63c8648\"",
        "content-type": "image/png",
        "content-length": 61188
      }
    }
    [35mresponseTime[39m: 8
[2026-08-03 13:10:01.597 +0700] [32mINFO[39m: [36mrequest completed[39m
    [35mreq[39m: {
      "id": "6a4f6e62-a2a5-431a-a1e5-f143a3f10f40",
      "method": "GET",
      "url": "/api/executions?page=1&limit=20",
      "query": {
        "page": "1",
        "limit": "20"
      },
      "params": {},
      "headers": {
        "host": "localhost:3001",
        "connection": "keep-alive",
        "sec-ch-ua-platform": "\"Windows\"",
        "authorization": "[REDACTED]",
        "user-agent": "Mozilla/5.0 (Windows NT 10.0; Win64; x64) AppleWebKit/537.36 (KHTML, like Gecko) Chrome/150.0.0.0 Safari/537.36",
        "accept": "application/json, text/plain, */*",
        "sec-ch-ua": "\"Not;A=Brand\";v=\"8\", \"Chromium\";v=\"150\", \"Google Chrome\";v=\"150\"",
        "sec-ch-ua-mobile": "?0",
        "origin": "http://localhost:3000",
        "sec-fetch-site": "same-site",
        "sec-fetch-mode": "cors",
        "sec-fetch-dest": "empty",
        "referer": "http://localhost:3000/",
        "accept-encoding": "gzip, deflate, br, zstd",
        "accept-language": "en-US,en;q=0.9,id;q=0.8,ms;q=0.7",
        "if-none-match": "W/\"26ad-G90Xw+GFYTsZkyv1NmAxZQ91RRY\""
      },
      "remoteAddress": "::1",
      "remotePort": 59776
    }
    [35mres[39m: {
      "statusCode": 200,
      "headers": {
        "content-security-policy": "default-src 'self';base-uri 'self';font-src 'self' https: data:;form-action 'self';frame-ancestors 'self';img-src 'self' data:;object-src 'none';script-src 'self';script-src-attr 'none';style-src 'self' https: 'unsafe-inline';upgrade-insecure-requests",
        "cross-origin-opener-policy": "same-origin",
        "cross-origin-resource-policy": "cross-origin",
        "origin-agent-cluster": "?1",
        "referrer-policy": "no-referrer",
        "strict-transport-security": "max-age=31536000; includeSubDomains",
        "x-content-type-options": "nosniff",
        "x-dns-prefetch-control": "off",
        "x-download-options": "noopen",
        "x-frame-options": "DENY",
        "x-permitted-cross-domain-policies": "none",
        "x-xss-protection": "0",
        "access-control-allow-origin": "http://localhost:3000",
        "vary": "Origin, Accept-Encoding",
        "access-control-allow-credentials": "true",
        "ratelimit-policy": "100;w=900",
        "ratelimit-limit": "100",
        "ratelimit-remaining": "56",
        "ratelimit-reset": "694",
        "content-type": "application/json; charset=utf-8",
        "etag": "W/\"26ad-2qTRKLH75MX1gqL+DgPRJO8KqQ0\"",
        "content-encoding": "br"
      }
    }
    [35mresponseTime[39m: 29
[2026-08-03 13:10:07.131 +0700] [32mINFO[39m: [36mrequest completed[39m
    [35mreq[39m: {
      "id": "9ae2033b-6b63-4a5d-80f7-f2776a8a230a",
      "method": "GET",
      "url": "/api/projects?limit=100",
      "query": {
        "limit": "100"
      },
      "params": {},
      "headers": {
        "host": "localhost:3001",
        "connection": "keep-alive",
        "sec-ch-ua-platform": "\"Windows\"",
        "authorization": "[REDACTED]",
        "user-agent": "Mozilla/5.0 (Windows NT 10.0; Win64; x64) AppleWebKit/537.36 (KHTML, like Gecko) Chrome/150.0.0.0 Safari/537.36",
        "accept": "application/json, text/plain, */*",
        "sec-ch-ua": "\"Not;A=Brand\";v=\"8\", \"Chromium\";v=\"150\", \"Google Chrome\";v=\"150\"",
        "sec-ch-ua-mobile": "?0",
        "origin": "http://localhost:3000",
        "sec-fetch-site": "same-site",
        "sec-fetch-mode": "cors",
        "sec-fetch-dest": "empty",
        "referer": "http://localhost:3000/",
        "accept-encoding": "gzip, deflate, br, zstd",
        "accept-language": "en-US,en;q=0.9,id;q=0.8,ms;q=0.7",
        "if-none-match": "W/\"399-qKqLvBTGiIV5RDB/eL5IlFHK7o0\""
      },
      "remoteAddress": "::1",
      "remotePort": 56017
    }
    [35mres[39m: {
      "statusCode": 200,
      "headers": {
        "content-security-policy": "default-src 'self';base-uri 'self';font-src 'self' https: data:;form-action 'self';frame-ancestors 'self';img-src 'self' data:;object-src 'none';script-src 'self';script-src-attr 'none';style-src 'self' https: 'unsafe-inline';upgrade-insecure-requests",
        "cross-origin-opener-policy": "same-origin",
        "cross-origin-resource-policy": "cross-origin",
        "origin-agent-cluster": "?1",
        "referrer-policy": "no-referrer",
        "strict-transport-security": "max-age=31536000; includeSubDomains",
        "x-content-type-options": "nosniff",
        "x-dns-prefetch-control": "off",
        "x-download-options": "noopen",
        "x-frame-options": "DENY",
        "x-permitted-cross-domain-policies": "none",
        "x-xss-protection": "0",
        "access-control-allow-origin": "http://localhost:3000",
        "vary": "Origin, Accept-Encoding",
        "access-control-allow-credentials": "true",
        "ratelimit-policy": "100;w=900",
        "ratelimit-limit": "100",
        "ratelimit-remaining": "55",
        "ratelimit-reset": "688",
        "content-type": "application/json; charset=utf-8",
        "content-length": "921",
        "etag": "W/\"399-vplYD7ymwMPKKMNTcD9okzV1wg0\""
      }
    }
    [35mresponseTime[39m: 31
[2026-08-03 13:10:07.137 +0700] [32mINFO[39m: [36mrequest completed[39m
    [35mreq[39m: {
      "id": "8f958b8e-e70c-4bf7-8d32-246fa15ca3a9",
      "method": "GET",
      "url": "/api/test-cases?page=1&limit=50",
      "query": {
        "page": "1",
        "limit": "50"
      },
      "params": {},
      "headers": {
        "host": "localhost:3001",
        "connection": "keep-alive",
        "sec-ch-ua-platform": "\"Windows\"",
        "authorization": "[REDACTED]",
        "user-agent": "Mozilla/5.0 (Windows NT 10.0; Win64; x64) AppleWebKit/537.36 (KHTML, like Gecko) Chrome/150.0.0.0 Safari/537.36",
        "accept": "application/json, text/plain, */*",
        "sec-ch-ua": "\"Not;A=Brand\";v=\"8\", \"Chromium\";v=\"150\", \"Google Chrome\";v=\"150\"",
        "sec-ch-ua-mobile": "?0",
        "origin": "http://localhost:3000",
        "sec-fetch-site": "same-site",
        "sec-fetch-mode": "cors",
        "sec-fetch-dest": "empty",
        "referer": "http://localhost:3000/",
        "accept-encoding": "gzip, deflate, br, zstd",
        "accept-language": "en-US,en;q=0.9,id;q=0.8,ms;q=0.7",
        "if-none-match": "W/\"b3e-WmICrOrSs1He9BrLyO1g3AN+UNA\""
      },
      "remoteAddress": "::1",
      "remotePort": 59776
    }
    [35mres[39m: {
      "statusCode": 200,
      "headers": {
        "content-security-policy": "default-src 'self';base-uri 'self';font-src 'self' https: data:;form-action 'self';frame-ancestors 'self';img-src 'self' data:;object-src 'none';script-src 'self';script-src-attr 'none';style-src 'self' https: 'unsafe-inline';upgrade-insecure-requests",
        "cross-origin-opener-policy": "same-origin",
        "cross-origin-resource-policy": "cross-origin",
        "origin-agent-cluster": "?1",
        "referrer-policy": "no-referrer",
        "strict-transport-security": "max-age=31536000; includeSubDomains",
        "x-content-type-options": "nosniff",
        "x-dns-prefetch-control": "off",
        "x-download-options": "noopen",
        "x-frame-options": "DENY",
        "x-permitted-cross-domain-policies": "none",
        "x-xss-protection": "0",
        "access-control-allow-origin": "http://localhost:3000",
        "vary": "Origin, Accept-Encoding",
        "access-control-allow-credentials": "true",
        "ratelimit-policy": "100;w=900",
        "ratelimit-limit": "100",
        "ratelimit-remaining": "54",
        "ratelimit-reset": "688",
        "content-type": "application/json; charset=utf-8",
        "etag": "W/\"b3e-B8gxM/JpDeqdJIV7kaMHuiDkr6E\"",
        "content-encoding": "br"
      }
    }
    [35mresponseTime[39m: 26
[2026-08-03 13:10:08.600 +0700] [32mINFO[39m: [36mrequest completed[39m
    [35mreq[39m: {
      "id": "bcac387e-40d4-443e-a985-f9265bb11e2f",
      "method": "GET",
      "url": "/api/projects?page=1&limit=100",
      "query": {
        "page": "1",
        "limit": "100"
      },
      "params": {},
      "headers": {
        "host": "localhost:3001",
        "connection": "keep-alive",
        "sec-ch-ua-platform": "\"Windows\"",
        "authorization": "[REDACTED]",
        "user-agent": "Mozilla/5.0 (Windows NT 10.0; Win64; x64) AppleWebKit/537.36 (KHTML, like Gecko) Chrome/150.0.0.0 Safari/537.36",
        "accept": "application/json, text/plain, */*",
        "sec-ch-ua": "\"Not;A=Brand\";v=\"8\", \"Chromium\";v=\"150\", \"Google Chrome\";v=\"150\"",
        "sec-ch-ua-mobile": "?0",
        "origin": "http://localhost:3000",
        "sec-fetch-site": "same-site",
        "sec-fetch-mode": "cors",
        "sec-fetch-dest": "empty",
        "referer": "http://localhost:3000/",
        "accept-encoding": "gzip, deflate, br, zstd",
        "accept-language": "en-US,en;q=0.9,id;q=0.8,ms;q=0.7",
        "if-none-match": "W/\"399-uqKWPqr5rJsivzgfYeM9yP6PBzQ\""
      },
      "remoteAddress": "::1",
      "remotePort": 56017
    }
    [35mres[39m: {
      "statusCode": 200,
      "headers": {
        "content-security-policy": "default-src 'self';base-uri 'self';font-src 'self' https: data:;form-action 'self';frame-ancestors 'self';img-src 'self' data:;object-src 'none';script-src 'self';script-src-attr 'none';style-src 'self' https: 'unsafe-inline';upgrade-insecure-requests",
        "cross-origin-opener-policy": "same-origin",
        "cross-origin-resource-policy": "cross-origin",
        "origin-agent-cluster": "?1",
        "referrer-policy": "no-referrer",
        "strict-transport-security": "max-age=31536000; includeSubDomains",
        "x-content-type-options": "nosniff",
        "x-dns-prefetch-control": "off",
        "x-download-options": "noopen",
        "x-frame-options": "DENY",
        "x-permitted-cross-domain-policies": "none",
        "x-xss-protection": "0",
        "access-control-allow-origin": "http://localhost:3000",
        "vary": "Origin, Accept-Encoding",
        "access-control-allow-credentials": "true",
        "ratelimit-policy": "100;w=900",
        "ratelimit-limit": "100",
        "ratelimit-remaining": "53",
        "ratelimit-reset": "687",
        "content-type": "application/json; charset=utf-8",
        "content-length": "921",
        "etag": "W/\"399-m+8UHCeZkt/YLbEuSe1IzXnsLRs\""
      }
    }
    [35mresponseTime[39m: 25
[2026-08-03 13:10:08.604 +0700] [32mINFO[39m: [36mrequest completed[39m
    [35mreq[39m: {
      "id": "ceff9461-4a86-4c25-98a3-8d5e9b52c0d0",
      "method": "GET",
      "url": "/api/test-cases?page=1&limit=10&sortBy=createdAt&sortOrder=desc",
      "query": {
        "page": "1",
        "limit": "10",
        "sortBy": "createdAt",
        "sortOrder": "desc"
      },
      "params": {},
      "headers": {
        "host": "localhost:3001",
        "connection": "keep-alive",
        "sec-ch-ua-platform": "\"Windows\"",
        "authorization": "[REDACTED]",
        "user-agent": "Mozilla/5.0 (Windows NT 10.0; Win64; x64) AppleWebKit/537.36 (KHTML, like Gecko) Chrome/150.0.0.0 Safari/537.36",
        "accept": "application/json, text/plain, */*",
        "sec-ch-ua": "\"Not;A=Brand\";v=\"8\", \"Chromium\";v=\"150\", \"Google Chrome\";v=\"150\"",
        "sec-ch-ua-mobile": "?0",
        "origin": "http://localhost:3000",
        "sec-fetch-site": "same-site",
        "sec-fetch-mode": "cors",
        "sec-fetch-dest": "empty",
        "referer": "http://localhost:3000/",
        "accept-encoding": "gzip, deflate, br, zstd",
        "accept-language": "en-US,en;q=0.9,id;q=0.8,ms;q=0.7",
        "if-none-match": "W/\"b3e-J7OyADrTfJd2aYDSphSPERD+6Zc\""
      },
      "remoteAddress": "::1",
      "remotePort": 59776
    }
    [35mres[39m: {
      "statusCode": 200,
      "headers": {
        "content-security-policy": "default-src 'self';base-uri 'self';font-src 'self' https: data:;form-action 'self';frame-ancestors 'self';img-src 'self' data:;object-src 'none';script-src 'self';script-src-attr 'none';style-src 'self' https: 'unsafe-inline';upgrade-insecure-requests",
        "cross-origin-opener-policy": "same-origin",
        "cross-origin-resource-policy": "cross-origin",
        "origin-agent-cluster": "?1",
        "referrer-policy": "no-referrer",
        "strict-transport-security": "max-age=31536000; includeSubDomains",
        "x-content-type-options": "nosniff",
        "x-dns-prefetch-control": "off",
        "x-download-options": "noopen",
        "x-frame-options": "DENY",
        "x-permitted-cross-domain-policies": "none",
        "x-xss-protection": "0",
        "access-control-allow-origin": "http://localhost:3000",
        "vary": "Origin, Accept-Encoding",
        "access-control-allow-credentials": "true",
        "ratelimit-policy": "100;w=900",
        "ratelimit-limit": "100",
        "ratelimit-remaining": "52",
        "ratelimit-reset": "687",
        "content-type": "application/json; charset=utf-8",
        "etag": "W/\"b3e-EXp0emy4UdNC95glim+Nkuh+6Aw\"",
        "content-encoding": "br"
      }
    }
    [35mresponseTime[39m: 23
[2026-08-03 13:10:10.790 +0700] [32mINFO[39m: [36mrequest completed[39m
    [35mreq[39m: {
      "id": "c77e66c8-b101-4ff5-8b7c-1a53dfd79ad4",
      "method": "GET",
      "url": "/api/projects",
      "query": {},
      "params": {},
      "headers": {
        "host": "localhost:3001",
        "connection": "keep-alive",
        "sec-ch-ua-platform": "\"Windows\"",
        "authorization": "[REDACTED]",
        "user-agent": "Mozilla/5.0 (Windows NT 10.0; Win64; x64) AppleWebKit/537.36 (KHTML, like Gecko) Chrome/150.0.0.0 Safari/537.36",
        "accept": "application/json, text/plain, */*",
        "sec-ch-ua": "\"Not;A=Brand\";v=\"8\", \"Chromium\";v=\"150\", \"Google Chrome\";v=\"150\"",
        "sec-ch-ua-mobile": "?0",
        "origin": "http://localhost:3000",
        "sec-fetch-site": "same-site",
        "sec-fetch-mode": "cors",
        "sec-fetch-dest": "empty",
        "referer": "http://localhost:3000/",
        "accept-encoding": "gzip, deflate, br, zstd",
        "accept-language": "en-US,en;q=0.9,id;q=0.8,ms;q=0.7",
        "if-none-match": "W/\"398-E+NfcRK0AbAszHGYp46UMEN5ckM\""
      },
      "remoteAddress": "::1",
      "remotePort": 59776
    }
    [35mres[39m: {
      "statusCode": 200,
      "headers": {
        "content-security-policy": "default-src 'self';base-uri 'self';font-src 'self' https: data:;form-action 'self';frame-ancestors 'self';img-src 'self' data:;object-src 'none';script-src 'self';script-src-attr 'none';style-src 'self' https: 'unsafe-inline';upgrade-insecure-requests",
        "cross-origin-opener-policy": "same-origin",
        "cross-origin-resource-policy": "cross-origin",
        "origin-agent-cluster": "?1",
        "referrer-policy": "no-referrer",
        "strict-transport-security": "max-age=31536000; includeSubDomains",
        "x-content-type-options": "nosniff",
        "x-dns-prefetch-control": "off",
        "x-download-options": "noopen",
        "x-frame-options": "DENY",
        "x-permitted-cross-domain-policies": "none",
        "x-xss-protection": "0",
        "access-control-allow-origin": "http://localhost:3000",
        "vary": "Origin, Accept-Encoding",
        "access-control-allow-credentials": "true",
        "ratelimit-policy": "100;w=900",
        "ratelimit-limit": "100",
        "ratelimit-remaining": "51",
        "ratelimit-reset": "685",
        "content-type": "application/json; charset=utf-8",
        "content-length": "920",
        "etag": "W/\"398-DntnRRGjgdaofaFT7+o3yW8d3YE\""
      }
    }
    [35mresponseTime[39m: 14
[2026-08-03 13:10:14.022 +0700] [32mINFO[39m: [36mrequest completed[39m
    [35mreq[39m: {
      "id": "486bdd9d-3d7e-402d-b841-81cfa3b8283f",
      "method": "GET",
      "url": "/api/auth/me",
      "query": {},
      "params": {},
      "headers": {
        "host": "localhost:3001",
        "connection": "keep-alive",
        "sec-ch-ua-platform": "\"Windows\"",
        "authorization": "[REDACTED]",
        "user-agent": "Mozilla/5.0 (Windows NT 10.0; Win64; x64) AppleWebKit/537.36 (KHTML, like Gecko) Chrome/150.0.0.0 Safari/537.36",
        "accept": "application/json, text/plain, */*",
        "sec-ch-ua": "\"Not;A=Brand\";v=\"8\", \"Chromium\";v=\"150\", \"Google Chrome\";v=\"150\"",
        "sec-ch-ua-mobile": "?0",
        "origin": "http://localhost:3000",
        "sec-fetch-site": "same-site",
        "sec-fetch-mode": "cors",
        "sec-fetch-dest": "empty",
        "referer": "http://localhost:3000/",
        "accept-encoding": "gzip, deflate, br, zstd",
        "accept-language": "en-US,en;q=0.9,id;q=0.8,ms;q=0.7",
        "if-none-match": "W/\"11e-Zyj5jPphxVufSdk9D0yC7iGScAw\""
      },
      "remoteAddress": "::1",
      "remotePort": 59776
    }
    [35mres[39m: {
      "statusCode": 200,
      "headers": {
        "content-security-policy": "default-src 'self';base-uri 'self';font-src 'self' https: data:;form-action 'self';frame-ancestors 'self';img-src 'self' data:;object-src 'none';script-src 'self';script-src-attr 'none';style-src 'self' https: 'unsafe-inline';upgrade-insecure-requests",
        "cross-origin-opener-policy": "same-origin",
        "cross-origin-resource-policy": "cross-origin",
        "origin-agent-cluster": "?1",
        "referrer-policy": "no-referrer",
        "strict-transport-security": "max-age=31536000; includeSubDomains",
        "x-content-type-options": "nosniff",
        "x-dns-prefetch-control": "off",
        "x-download-options": "noopen",
        "x-frame-options": "DENY",
        "x-permitted-cross-domain-policies": "none",
        "x-xss-protection": "0",
        "access-control-allow-origin": "http://localhost:3000",
        "vary": "Origin, Accept-Encoding",
        "access-control-allow-credentials": "true",
        "ratelimit-policy": "20;w=900",
        "ratelimit-limit": "20",
        "ratelimit-remaining": "6",
        "ratelimit-reset": "681",
        "content-type": "application/json; charset=utf-8",
        "content-length": "286",
        "etag": "W/\"11e-CqAavqau0yizRwn/ETIq0l2awJ4\""
      }
    }
    [35mresponseTime[39m: 22
[2026-08-03 13:10:14.093 +0700] [32mINFO[39m: [36mrequest completed[39m
    [35mreq[39m: {
      "id": "c3208780-232d-48f1-9751-316304ffc646",
      "method": "GET",
      "url": "/api/projects",
      "query": {},
      "params": {},
      "headers": {
        "host": "localhost:3001",
        "connection": "keep-alive",
        "sec-ch-ua-platform": "\"Windows\"",
        "authorization": "[REDACTED]",
        "user-agent": "Mozilla/5.0 (Windows NT 10.0; Win64; x64) AppleWebKit/537.36 (KHTML, like Gecko) Chrome/150.0.0.0 Safari/537.36",
        "accept": "application/json, text/plain, */*",
        "sec-ch-ua": "\"Not;A=Brand\";v=\"8\", \"Chromium\";v=\"150\", \"Google Chrome\";v=\"150\"",
        "sec-ch-ua-mobile": "?0",
        "origin": "http://localhost:3000",
        "sec-fetch-site": "same-site",
        "sec-fetch-mode": "cors",
        "sec-fetch-dest": "empty",
        "referer": "http://localhost:3000/",
        "accept-encoding": "gzip, deflate, br, zstd",
        "accept-language": "en-US,en;q=0.9,id;q=0.8,ms;q=0.7",
        "if-none-match": "W/\"398-DntnRRGjgdaofaFT7+o3yW8d3YE\""
      },
      "remoteAddress": "::1",
      "remotePort": 59776
    }
    [35mres[39m: {
      "statusCode": 200,
      "headers": {
        "content-security-policy": "default-src 'self';base-uri 'self';font-src 'self' https: data:;form-action 'self';frame-ancestors 'self';img-src 'self' data:;object-src 'none';script-src 'self';script-src-attr 'none';style-src 'self' https: 'unsafe-inline';upgrade-insecure-requests",
        "cross-origin-opener-policy": "same-origin",
        "cross-origin-resource-policy": "cross-origin",
        "origin-agent-cluster": "?1",
        "referrer-policy": "no-referrer",
        "strict-transport-security": "max-age=31536000; includeSubDomains",
        "x-content-type-options": "nosniff",
        "x-dns-prefetch-control": "off",
        "x-download-options": "noopen",
        "x-frame-options": "DENY",
        "x-permitted-cross-domain-policies": "none",
        "x-xss-protection": "0",
        "access-control-allow-origin": "http://localhost:3000",
        "vary": "Origin, Accept-Encoding",
        "access-control-allow-credentials": "true",
        "ratelimit-policy": "100;w=900",
        "ratelimit-limit": "100",
        "ratelimit-remaining": "49",
        "ratelimit-reset": "681",
        "content-type": "application/json; charset=utf-8",
        "content-length": "920",
        "etag": "W/\"398-1rkBYbdp6wzrNLlz5AWQ5WJ8eh0\""
      }
    }
    [35mresponseTime[39m: 18
[2026-08-03 13:10:15.549 +0700] [32mINFO[39m: [36mrequest completed[39m
    [35mreq[39m: {
      "id": "1956ebf4-a952-429d-a87c-9cbe985a35c8",
      "method": "GET",
      "url": "/api/reports/overview",
      "query": {},
      "params": {},
      "headers": {
        "host": "localhost:3001",
        "connection": "keep-alive",
        "sec-ch-ua-platform": "\"Windows\"",
        "authorization": "[REDACTED]",
        "user-agent": "Mozilla/5.0 (Windows NT 10.0; Win64; x64) AppleWebKit/537.36 (KHTML, like Gecko) Chrome/150.0.0.0 Safari/537.36",
        "accept": "application/json, text/plain, */*",
        "sec-ch-ua": "\"Not;A=Brand\";v=\"8\", \"Chromium\";v=\"150\", \"Google Chrome\";v=\"150\"",
        "sec-ch-ua-mobile": "?0",
        "origin": "http://localhost:3000",
        "sec-fetch-site": "same-site",
        "sec-fetch-mode": "cors",
        "sec-fetch-dest": "empty",
        "referer": "http://localhost:3000/",
        "accept-encoding": "gzip, deflate, br, zstd",
        "accept-language": "en-US,en;q=0.9,id;q=0.8,ms;q=0.7",
        "if-none-match": "W/\"dfc-oVL0g1u3pvk3p+kBNbdKloQf930\""
      },
      "remoteAddress": "::1",
      "remotePort": 59776
    }
    [35mres[39m: {
      "statusCode": 200,
      "headers": {
        "content-security-policy": "default-src 'self';base-uri 'self';font-src 'self' https: data:;form-action 'self';frame-ancestors 'self';img-src 'self' data:;object-src 'none';script-src 'self';script-src-attr 'none';style-src 'self' https: 'unsafe-inline';upgrade-insecure-requests",
        "cross-origin-opener-policy": "same-origin",
        "cross-origin-resource-policy": "cross-origin",
        "origin-agent-cluster": "?1",
        "referrer-policy": "no-referrer",
        "strict-transport-security": "max-age=31536000; includeSubDomains",
        "x-content-type-options": "nosniff",
        "x-dns-prefetch-control": "off",
        "x-download-options": "noopen",
        "x-frame-options": "DENY",
        "x-permitted-cross-domain-policies": "none",
        "x-xss-protection": "0",
        "access-control-allow-origin": "http://localhost:3000",
        "vary": "Origin, Accept-Encoding",
        "access-control-allow-credentials": "true",
        "ratelimit-policy": "100;w=900",
        "ratelimit-limit": "100",
        "ratelimit-remaining": "48",
        "ratelimit-reset": "680",
        "content-type": "application/json; charset=utf-8",
        "etag": "W/\"df8-gwl54Y/2tvnKfDez9TgiiwowI8M\"",
        "content-encoding": "br"
      }
    }
    [35mresponseTime[39m: 29
[2026-08-03 13:10:23.768 +0700] [32mINFO[39m: [36mrequest completed[39m
    [35mreq[39m: {
      "id": "13152b45-0063-4a54-942a-b446ead195ad",
      "method": "GET",
      "url": "/api/projects?limit=100",
      "query": {
        "limit": "100"
      },
      "params": {},
      "headers": {
        "host": "localhost:3001",
        "connection": "keep-alive",
        "sec-ch-ua-platform": "\"Windows\"",
        "authorization": "[REDACTED]",
        "user-agent": "Mozilla/5.0 (Windows NT 10.0; Win64; x64) AppleWebKit/537.36 (KHTML, like Gecko) Chrome/150.0.0.0 Safari/537.36",
        "accept": "application/json, text/plain, */*",
        "sec-ch-ua": "\"Not;A=Brand\";v=\"8\", \"Chromium\";v=\"150\", \"Google Chrome\";v=\"150\"",
        "sec-ch-ua-mobile": "?0",
        "origin": "http://localhost:3000",
        "sec-fetch-site": "same-site",
        "sec-fetch-mode": "cors",
        "sec-fetch-dest": "empty",
        "referer": "http://localhost:3000/",
        "accept-encoding": "gzip, deflate, br, zstd",
        "accept-language": "en-US,en;q=0.9,id;q=0.8,ms;q=0.7",
        "if-none-match": "W/\"399-vplYD7ymwMPKKMNTcD9okzV1wg0\""
      },
      "remoteAddress": "::1",
      "remotePort": 61720
    }
    [35mres[39m: {
      "statusCode": 200,
      "headers": {
        "content-security-policy": "default-src 'self';base-uri 'self';font-src 'self' https: data:;form-action 'self';frame-ancestors 'self';img-src 'self' data:;object-src 'none';script-src 'self';script-src-attr 'none';style-src 'self' https: 'unsafe-inline';upgrade-insecure-requests",
        "cross-origin-opener-policy": "same-origin",
        "cross-origin-resource-policy": "cross-origin",
        "origin-agent-cluster": "?1",
        "referrer-policy": "no-referrer",
        "strict-transport-security": "max-age=31536000; includeSubDomains",
        "x-content-type-options": "nosniff",
        "x-dns-prefetch-control": "off",
        "x-download-options": "noopen",
        "x-frame-options": "DENY",
        "x-permitted-cross-domain-policies": "none",
        "x-xss-protection": "0",
        "access-control-allow-origin": "http://localhost:3000",
        "vary": "Origin, Accept-Encoding",
        "access-control-allow-credentials": "true",
        "ratelimit-policy": "100;w=900",
        "ratelimit-limit": "100",
        "ratelimit-remaining": "47",
        "ratelimit-reset": "672",
        "content-type": "application/json; charset=utf-8",
        "content-length": "921",
        "etag": "W/\"399-xC7mSqDdA7v2MOrWatd/VfB/SsU\""
      }
    }
    [35mresponseTime[39m: 22
[2026-08-03 13:10:23.773 +0700] [32mINFO[39m: [36mrequest completed[39m
    [35mreq[39m: {
      "id": "ceb47a29-a8ea-4f47-8ee5-409180406527",
      "method": "GET",
      "url": "/api/test-cases?page=1&limit=50",
      "query": {
        "page": "1",
        "limit": "50"
      },
      "params": {},
      "headers": {
        "host": "localhost:3001",
        "connection": "keep-alive",
        "sec-ch-ua-platform": "\"Windows\"",
        "authorization": "[REDACTED]",
        "user-agent": "Mozilla/5.0 (Windows NT 10.0; Win64; x64) AppleWebKit/537.36 (KHTML, like Gecko) Chrome/150.0.0.0 Safari/537.36",
        "accept": "application/json, text/plain, */*",
        "sec-ch-ua": "\"Not;A=Brand\";v=\"8\", \"Chromium\";v=\"150\", \"Google Chrome\";v=\"150\"",
        "sec-ch-ua-mobile": "?0",
        "origin": "http://localhost:3000",
        "sec-fetch-site": "same-site",
        "sec-fetch-mode": "cors",
        "sec-fetch-dest": "empty",
        "referer": "http://localhost:3000/",
        "accept-encoding": "gzip, deflate, br, zstd",
        "accept-language": "en-US,en;q=0.9,id;q=0.8,ms;q=0.7",
        "if-none-match": "W/\"b3e-B8gxM/JpDeqdJIV7kaMHuiDkr6E\""
      },
      "remoteAddress": "::1",
      "remotePort": 53569
    }
    [35mres[39m: {
      "statusCode": 200,
      "headers": {
        "content-security-policy": "default-src 'self';base-uri 'self';font-src 'self' https: data:;form-action 'self';frame-ancestors 'self';img-src 'self' data:;object-src 'none';script-src 'self';script-src-attr 'none';style-src 'self' https: 'unsafe-inline';upgrade-insecure-requests",
        "cross-origin-opener-policy": "same-origin",
        "cross-origin-resource-policy": "cross-origin",
        "origin-agent-cluster": "?1",
        "referrer-policy": "no-referrer",
        "strict-transport-security": "max-age=31536000; includeSubDomains",
        "x-content-type-options": "nosniff",
        "x-dns-prefetch-control": "off",
        "x-download-options": "noopen",
        "x-frame-options": "DENY",
        "x-permitted-cross-domain-policies": "none",
        "x-xss-protection": "0",
        "access-control-allow-origin": "http://localhost:3000",
        "vary": "Origin, Accept-Encoding",
        "access-control-allow-credentials": "true",
        "ratelimit-policy": "100;w=900",
        "ratelimit-limit": "100",
        "ratelimit-remaining": "46",
        "ratelimit-reset": "672",
        "content-type": "application/json; charset=utf-8",
        "etag": "W/\"b3e-FxV6UcG80l8U9jwcrlif1S6/mGQ\"",
        "content-encoding": "br"
      }
    }
    [35mresponseTime[39m: 22
[2026-08-03 13:10:24.968 +0700] [32mINFO[39m: [36mrequest completed[39m
    [35mreq[39m: {
      "id": "24bf0e94-0a84-4d40-a9fe-f979b0f20126",
      "method": "GET",
      "url": "/api/executions?page=1&limit=20",
      "query": {
        "page": "1",
        "limit": "20"
      },
      "params": {},
      "headers": {
        "host": "localhost:3001",
        "connection": "keep-alive",
        "sec-ch-ua-platform": "\"Windows\"",
        "authorization": "[REDACTED]",
        "user-agent": "Mozilla/5.0 (Windows NT 10.0; Win64; x64) AppleWebKit/537.36 (KHTML, like Gecko) Chrome/150.0.0.0 Safari/537.36",
        "accept": "application/json, text/plain, */*",
        "sec-ch-ua": "\"Not;A=Brand\";v=\"8\", \"Chromium\";v=\"150\", \"Google Chrome\";v=\"150\"",
        "sec-ch-ua-mobile": "?0",
        "origin": "http://localhost:3000",
        "sec-fetch-site": "same-site",
        "sec-fetch-mode": "cors",
        "sec-fetch-dest": "empty",
        "referer": "http://localhost:3000/",
        "accept-encoding": "gzip, deflate, br, zstd",
        "accept-language": "en-US,en;q=0.9,id;q=0.8,ms;q=0.7",
        "if-none-match": "W/\"26ad-2qTRKLH75MX1gqL+DgPRJO8KqQ0\""
      },
      "remoteAddress": "::1",
      "remotePort": 53569
    }
    [35mres[39m: {
      "statusCode": 200,
      "headers": {
        "content-security-policy": "default-src 'self';base-uri 'self';font-src 'self' https: data:;form-action 'self';frame-ancestors 'self';img-src 'self' data:;object-src 'none';script-src 'self';script-src-attr 'none';style-src 'self' https: 'unsafe-inline';upgrade-insecure-requests",
        "cross-origin-opener-policy": "same-origin",
        "cross-origin-resource-policy": "cross-origin",
        "origin-agent-cluster": "?1",
        "referrer-policy": "no-referrer",
        "strict-transport-security": "max-age=31536000; includeSubDomains",
        "x-content-type-options": "nosniff",
        "x-dns-prefetch-control": "off",
        "x-download-options": "noopen",
        "x-frame-options": "DENY",
        "x-permitted-cross-domain-policies": "none",
        "x-xss-protection": "0",
        "access-control-allow-origin": "http://localhost:3000",
        "vary": "Origin, Accept-Encoding",
        "access-control-allow-credentials": "true",
        "ratelimit-policy": "100;w=900",
        "ratelimit-limit": "100",
        "ratelimit-remaining": "45",
        "ratelimit-reset": "670",
        "content-type": "application/json; charset=utf-8",
        "etag": "W/\"26ad-vPkl87UBP87SJpR3elgxITQ6pCI\"",
        "content-encoding": "br"
      }
    }
    [35mresponseTime[39m: 25
[2026-08-03 13:15:42.399 +0700] [32mINFO[39m: [36mrequest completed[39m
    [35mreq[39m: {
      "id": "c377d038-7cfc-4162-8b49-60fbee1b06e1",
      "method": "GET",
      "url": "/api/auth/me",
      "query": {},
      "params": {},
      "headers": {
        "host": "localhost:3001",
        "connection": "keep-alive",
        "sec-ch-ua-platform": "\"Windows\"",
        "authorization": "[REDACTED]",
        "user-agent": "Mozilla/5.0 (Windows NT 10.0; Win64; x64) AppleWebKit/537.36 (KHTML, like Gecko) Chrome/150.0.0.0 Safari/537.36",
        "accept": "application/json, text/plain, */*",
        "sec-ch-ua": "\"Not;A=Brand\";v=\"8\", \"Chromium\";v=\"150\", \"Google Chrome\";v=\"150\"",
        "sec-ch-ua-mobile": "?0",
        "origin": "http://localhost:3000",
        "sec-fetch-site": "same-site",
        "sec-fetch-mode": "cors",
        "sec-fetch-dest": "empty",
        "referer": "http://localhost:3000/",
        "accept-encoding": "gzip, deflate, br, zstd",
        "accept-language": "en-US,en;q=0.9,id;q=0.8,ms;q=0.7",
        "if-none-match": "W/\"11e-CqAavqau0yizRwn/ETIq0l2awJ4\""
      },
      "remoteAddress": "::1",
      "remotePort": 51123
    }
    [35mres[39m: {
      "statusCode": 401,
      "headers": {
        "content-security-policy": "default-src 'self';base-uri 'self';font-src 'self' https: data:;form-action 'self';frame-ancestors 'self';img-src 'self' data:;object-src 'none';script-src 'self';script-src-attr 'none';style-src 'self' https: 'unsafe-inline';upgrade-insecure-requests",
        "cross-origin-opener-policy": "same-origin",
        "cross-origin-resource-policy": "cross-origin",
        "origin-agent-cluster": "?1",
        "referrer-policy": "no-referrer",
        "strict-transport-security": "max-age=31536000; includeSubDomains",
        "x-content-type-options": "nosniff",
        "x-dns-prefetch-control": "off",
        "x-download-options": "noopen",
        "x-frame-options": "DENY",
        "x-permitted-cross-domain-policies": "none",
        "x-xss-protection": "0",
        "access-control-allow-origin": "http://localhost:3000",
        "vary": "Origin, Accept-Encoding",
        "access-control-allow-credentials": "true",
        "ratelimit-policy": "20;w=900",
        "ratelimit-limit": "20",
        "ratelimit-remaining": "5",
        "ratelimit-reset": "353",
        "content-type": "application/json; charset=utf-8",
        "content-length": "65",
        "etag": "W/\"41-0WwSIARvdKTqHF7wjyOevr5RBME\""
      }
    }
    [35mresponseTime[39m: 8
[2026-08-03 13:15:42.470 +0700] [32mINFO[39m: [36mrequest completed[39m
    [35mreq[39m: {
      "id": "2e321524-dcf7-4ac4-8909-9b63093a4967",
      "method": "POST",
      "url": "/api/auth/refresh",
      "query": {},
      "params": {},
      "headers": {
        "host": "localhost:3001",
        "connection": "keep-alive",
        "content-length": "228",
        "sec-ch-ua-platform": "\"Windows\"",
        "user-agent": "Mozilla/5.0 (Windows NT 10.0; Win64; x64) AppleWebKit/537.36 (KHTML, like Gecko) Chrome/150.0.0.0 Safari/537.36",
        "accept": "application/json, text/plain, */*",
        "sec-ch-ua": "\"Not;A=Brand\";v=\"8\", \"Chromium\";v=\"150\", \"Google Chrome\";v=\"150\"",
        "content-type": "application/json",
        "sec-ch-ua-mobile": "?0",
        "origin": "http://localhost:3000",
        "sec-fetch-site": "same-site",
        "sec-fetch-mode": "cors",
        "sec-fetch-dest": "empty",
        "referer": "http://localhost:3000/",
        "accept-encoding": "gzip, deflate, br, zstd",
        "accept-language": "en-US,en;q=0.9,id;q=0.8,ms;q=0.7"
      },
      "remoteAddress": "::1",
      "remotePort": 51123
    }
    [35mres[39m: {
      "statusCode": 200,
      "headers": {
        "content-security-policy": "default-src 'self';base-uri 'self';font-src 'self' https: data:;form-action 'self';frame-ancestors 'self';img-src 'self' data:;object-src 'none';script-src 'self';script-src-attr 'none';style-src 'self' https: 'unsafe-inline';upgrade-insecure-requests",
        "cross-origin-opener-policy": "same-origin",
        "cross-origin-resource-policy": "cross-origin",
        "origin-agent-cluster": "?1",
        "referrer-policy": "no-referrer",
        "strict-transport-security": "max-age=31536000; includeSubDomains",
        "x-content-type-options": "nosniff",
        "x-dns-prefetch-control": "off",
        "x-download-options": "noopen",
        "x-frame-options": "DENY",
        "x-permitted-cross-domain-policies": "none",
        "x-xss-protection": "0",
        "access-control-allow-origin": "http://localhost:3000",
        "vary": "Origin, Accept-Encoding",
        "access-control-allow-credentials": "true",
        "ratelimit-policy": "20;w=900",
        "ratelimit-limit": "20",
        "ratelimit-remaining": "4",
        "ratelimit-reset": "353",
        "content-type": "application/json; charset=utf-8",
        "content-length": "557",
        "etag": "W/\"22d-vQu/Dq9IYhjlIJP6c97w3OL+YTA\""
      }
    }
    [35mresponseTime[39m: 57
[2026-08-03 13:15:42.483 +0700] [32mINFO[39m: [36mrequest completed[39m
    [35mreq[39m: {
      "id": "6eb76fb1-04d5-4e28-8d62-e8a6ca1d2e69",
      "method": "GET",
      "url": "/api/auth/me",
      "query": {},
      "params": {},
      "headers": {
        "host": "localhost:3001",
        "connection": "keep-alive",
        "sec-ch-ua-platform": "\"Windows\"",
        "authorization": "[REDACTED]",
        "user-agent": "Mozilla/5.0 (Windows NT 10.0; Win64; x64) AppleWebKit/537.36 (KHTML, like Gecko) Chrome/150.0.0.0 Safari/537.36",
        "accept": "application/json, text/plain, */*",
        "sec-ch-ua": "\"Not;A=Brand\";v=\"8\", \"Chromium\";v=\"150\", \"Google Chrome\";v=\"150\"",
        "sec-ch-ua-mobile": "?0",
        "origin": "http://localhost:3000",
        "sec-fetch-site": "same-site",
        "sec-fetch-mode": "cors",
        "sec-fetch-dest": "empty",
        "referer": "http://localhost:3000/",
        "accept-encoding": "gzip, deflate, br, zstd",
        "accept-language": "en-US,en;q=0.9,id;q=0.8,ms;q=0.7",
        "if-none-match": "W/\"11e-CqAavqau0yizRwn/ETIq0l2awJ4\""
      },
      "remoteAddress": "::1",
      "remotePort": 51123
    }
    [35mres[39m: {
      "statusCode": 200,
      "headers": {
        "content-security-policy": "default-src 'self';base-uri 'self';font-src 'self' https: data:;form-action 'self';frame-ancestors 'self';img-src 'self' data:;object-src 'none';script-src 'self';script-src-attr 'none';style-src 'self' https: 'unsafe-inline';upgrade-insecure-requests",
        "cross-origin-opener-policy": "same-origin",
        "cross-origin-resource-policy": "cross-origin",
        "origin-agent-cluster": "?1",
        "referrer-policy": "no-referrer",
        "strict-transport-security": "max-age=31536000; includeSubDomains",
        "x-content-type-options": "nosniff",
        "x-dns-prefetch-control": "off",
        "x-download-options": "noopen",
        "x-frame-options": "DENY",
        "x-permitted-cross-domain-policies": "none",
        "x-xss-protection": "0",
        "access-control-allow-origin": "http://localhost:3000",
        "vary": "Origin, Accept-Encoding",
        "access-control-allow-credentials": "true",
        "ratelimit-policy": "20;w=900",
        "ratelimit-limit": "20",
        "ratelimit-remaining": "3",
        "ratelimit-reset": "353",
        "content-type": "application/json; charset=utf-8",
        "content-length": "286",
        "etag": "W/\"11e-oxHfIL7qzasZ5tRwQyorIhWgj30\""
      }
    }
    [35mresponseTime[39m: 8
[2026-08-03 13:15:42.591 +0700] [32mINFO[39m: [36mrequest completed[39m
    [35mreq[39m: {
      "id": "46faa634-f0c3-4c4c-b7ab-365ee3cbc47b",
      "method": "GET",
      "url": "/api/executions?page=1&limit=20",
      "query": {
        "page": "1",
        "limit": "20"
      },
      "params": {},
      "headers": {
        "host": "localhost:3001",
        "connection": "keep-alive",
        "sec-ch-ua-platform": "\"Windows\"",
        "authorization": "[REDACTED]",
        "user-agent": "Mozilla/5.0 (Windows NT 10.0; Win64; x64) AppleWebKit/537.36 (KHTML, like Gecko) Chrome/150.0.0.0 Safari/537.36",
        "accept": "application/json, text/plain, */*",
        "sec-ch-ua": "\"Not;A=Brand\";v=\"8\", \"Chromium\";v=\"150\", \"Google Chrome\";v=\"150\"",
        "sec-ch-ua-mobile": "?0",
        "origin": "http://localhost:3000",
        "sec-fetch-site": "same-site",
        "sec-fetch-mode": "cors",
        "sec-fetch-dest": "empty",
        "referer": "http://localhost:3000/",
        "accept-encoding": "gzip, deflate, br, zstd",
        "accept-language": "en-US,en;q=0.9,id;q=0.8,ms;q=0.7",
        "if-none-match": "W/\"26ad-vPkl87UBP87SJpR3elgxITQ6pCI\""
      },
      "remoteAddress": "::1",
      "remotePort": 51123
    }
    [35mres[39m: {
      "statusCode": 200,
      "headers": {
        "content-security-policy": "default-src 'self';base-uri 'self';font-src 'self' https: data:;form-action 'self';frame-ancestors 'self';img-src 'self' data:;object-src 'none';script-src 'self';script-src-attr 'none';style-src 'self' https: 'unsafe-inline';upgrade-insecure-requests",
        "cross-origin-opener-policy": "same-origin",
        "cross-origin-resource-policy": "cross-origin",
        "origin-agent-cluster": "?1",
        "referrer-policy": "no-referrer",
        "strict-transport-security": "max-age=31536000; includeSubDomains",
        "x-content-type-options": "nosniff",
        "x-dns-prefetch-control": "off",
        "x-download-options": "noopen",
        "x-frame-options": "DENY",
        "x-permitted-cross-domain-policies": "none",
        "x-xss-protection": "0",
        "access-control-allow-origin": "http://localhost:3000",
        "vary": "Origin, Accept-Encoding",
        "access-control-allow-credentials": "true",
        "ratelimit-policy": "100;w=900",
        "ratelimit-limit": "100",
        "ratelimit-remaining": "41",
        "ratelimit-reset": "353",
        "content-type": "application/json; charset=utf-8",
        "etag": "W/\"26ad-Fdmc2hQ4GlF1zdPYzAW/4r39lMc\"",
        "content-encoding": "br"
      }
    }
    [35mresponseTime[39m: 34
[2026-08-03 13:16:00.252 +0700] [32mINFO[39m: [36mrequest completed[39m
    [35mreq[39m: {
      "id": "55ec53f1-761a-424b-8d7e-df6e47dc6ae0",
      "method": "GET",
      "url": "/api/executions/4b2a8fc8-af5b-459b-abc8-82938578dd21",
      "query": {},
      "params": {},
      "headers": {
        "host": "localhost:3001",
        "connection": "keep-alive",
        "sec-ch-ua-platform": "\"Windows\"",
        "authorization": "[REDACTED]",
        "user-agent": "Mozilla/5.0 (Windows NT 10.0; Win64; x64) AppleWebKit/537.36 (KHTML, like Gecko) Chrome/150.0.0.0 Safari/537.36",
        "accept": "application/json, text/plain, */*",
        "sec-ch-ua": "\"Not;A=Brand\";v=\"8\", \"Chromium\";v=\"150\", \"Google Chrome\";v=\"150\"",
        "sec-ch-ua-mobile": "?0",
        "origin": "http://localhost:3000",
        "sec-fetch-site": "same-site",
        "sec-fetch-mode": "cors",
        "sec-fetch-dest": "empty",
        "referer": "http://localhost:3000/",
        "accept-encoding": "gzip, deflate, br, zstd",
        "accept-language": "en-US,en;q=0.9,id;q=0.8,ms;q=0.7",
        "if-none-match": "W/\"3d72-BJ3bVzcehrd70IMmkca58cBy7Xo\""
      },
      "remoteAddress": "::1",
      "remotePort": 57672
    }
    [35mres[39m: {
      "statusCode": 200,
      "headers": {
        "content-security-policy": "default-src 'self';base-uri 'self';font-src 'self' https: data:;form-action 'self';frame-ancestors 'self';img-src 'self' data:;object-src 'none';script-src 'self';script-src-attr 'none';style-src 'self' https: 'unsafe-inline';upgrade-insecure-requests",
        "cross-origin-opener-policy": "same-origin",
        "cross-origin-resource-policy": "cross-origin",
        "origin-agent-cluster": "?1",
        "referrer-policy": "no-referrer",
        "strict-transport-security": "max-age=31536000; includeSubDomains",
        "x-content-type-options": "nosniff",
        "x-dns-prefetch-control": "off",
        "x-download-options": "noopen",
        "x-frame-options": "DENY",
        "x-permitted-cross-domain-policies": "none",
        "x-xss-protection": "0",
        "access-control-allow-origin": "http://localhost:3000",
        "vary": "Origin, Accept-Encoding",
        "access-control-allow-credentials": "true",
        "ratelimit-policy": "100;w=900",
        "ratelimit-limit": "100",
        "ratelimit-remaining": "40",
        "ratelimit-reset": "335",
        "content-type": "application/json; charset=utf-8",
        "etag": "W/\"3d72-A8W1Bz6Fxxvh6cbclu17upxOc6Q\"",
        "content-encoding": "br"
      }
    }
    [35mresponseTime[39m: 36
[2026-08-03 13:16:00.273 +0700] [32mINFO[39m: [36mrequest completed[39m
    [35mreq[39m: {
      "id": "e4991ea9-843b-484a-b785-4366dd892ad5",
      "method": "GET",
      "url": "/storage/executions/EX-0028.png",
      "query": {},
      "params": {},
      "headers": {
        "host": "localhost:3001",
        "connection": "keep-alive",
        "sec-ch-ua-platform": "\"Windows\"",
        "user-agent": "Mozilla/5.0 (Windows NT 10.0; Win64; x64) AppleWebKit/537.36 (KHTML, like Gecko) Chrome/150.0.0.0 Safari/537.36",
        "sec-ch-ua": "\"Not;A=Brand\";v=\"8\", \"Chromium\";v=\"150\", \"Google Chrome\";v=\"150\"",
        "sec-ch-ua-mobile": "?0",
        "accept": "image/avif,image/webp,image/apng,image/svg+xml,image/*,*/*;q=0.8",
        "sec-fetch-site": "same-site",
        "sec-fetch-mode": "no-cors",
        "sec-fetch-dest": "image",
        "referer": "http://localhost:3000/",
        "accept-encoding": "gzip, deflate, br, zstd",
        "accept-language": "en-US,en;q=0.9,id;q=0.8,ms;q=0.7",
        "cookie": "ajs_anonymous_id=b6174088-e80a-4aaf-81cd-1a214ff488e0; locale=en; __next_hmr_refresh_hash__=84",
        "if-none-match": "W/\"ef04-19fc63c8648\"",
        "if-modified-since": "Mon, 03 Aug 2026 06:08:03 GMT"
      },
      "remoteAddress": "::1",
      "remotePort": 51849
    }
    [35mres[39m: {
      "statusCode": 304,
      "headers": {
        "content-security-policy": "default-src 'self';base-uri 'self';font-src 'self' https: data:;form-action 'self';frame-ancestors 'self';img-src 'self' data:;object-src 'none';script-src 'self';script-src-attr 'none';style-src 'self' https: 'unsafe-inline';upgrade-insecure-requests",
        "cross-origin-opener-policy": "same-origin",
        "cross-origin-resource-policy": "cross-origin",
        "origin-agent-cluster": "?1",
        "referrer-policy": "no-referrer",
        "strict-transport-security": "max-age=31536000; includeSubDomains",
        "x-content-type-options": "nosniff",
        "x-dns-prefetch-control": "off",
        "x-download-options": "noopen",
        "x-frame-options": "DENY",
        "x-permitted-cross-domain-policies": "none",
        "x-xss-protection": "0",
        "access-control-allow-origin": "http://localhost:3000",
        "vary": "Origin",
        "access-control-allow-credentials": "true",
        "ratelimit-policy": "100;w=900",
        "ratelimit-limit": "100",
        "ratelimit-remaining": "38",
        "ratelimit-reset": "335",
        "accept-ranges": "bytes",
        "cache-control": "public, max-age=0",
        "last-modified": "Mon, 03 Aug 2026 06:08:03 GMT",
        "etag": "W/\"ef04-19fc63c8648\""
      }
    }
    [35mresponseTime[39m: 6
[2026-08-03 13:16:00.280 +0700] [32mINFO[39m: [36mrequest completed[39m
    [35mreq[39m: {
      "id": "c71b6854-0343-42b9-8b79-bb8250c51d4e",
      "method": "GET",
      "url": "/api/executions/4b2a8fc8-af5b-459b-abc8-82938578dd21/logs",
      "query": {},
      "params": {},
      "headers": {
        "host": "localhost:3001",
        "connection": "keep-alive",
        "sec-ch-ua-platform": "\"Windows\"",
        "authorization": "[REDACTED]",
        "user-agent": "Mozilla/5.0 (Windows NT 10.0; Win64; x64) AppleWebKit/537.36 (KHTML, like Gecko) Chrome/150.0.0.0 Safari/537.36",
        "accept": "application/json, text/plain, */*",
        "sec-ch-ua": "\"Not;A=Brand\";v=\"8\", \"Chromium\";v=\"150\", \"Google Chrome\";v=\"150\"",
        "sec-ch-ua-mobile": "?0",
        "origin": "http://localhost:3000",
        "sec-fetch-site": "same-site",
        "sec-fetch-mode": "cors",
        "sec-fetch-dest": "empty",
        "referer": "http://localhost:3000/",
        "accept-encoding": "gzip, deflate, br, zstd",
        "accept-language": "en-US,en;q=0.9,id;q=0.8,ms;q=0.7",
        "if-none-match": "W/\"1344-3CwqnIG7undXiUXwpQS7YIWq4ts\""
      },
      "remoteAddress": "::1",
      "remotePort": 60470
    }
    [35mres[39m: {
      "statusCode": 200,
      "headers": {
        "content-security-policy": "default-src 'self';base-uri 'self';font-src 'self' https: data:;form-action 'self';frame-ancestors 'self';img-src 'self' data:;object-src 'none';script-src 'self';script-src-attr 'none';style-src 'self' https: 'unsafe-inline';upgrade-insecure-requests",
        "cross-origin-opener-policy": "same-origin",
        "cross-origin-resource-policy": "cross-origin",
        "origin-agent-cluster": "?1",
        "referrer-policy": "no-referrer",
        "strict-transport-security": "max-age=31536000; includeSubDomains",
        "x-content-type-options": "nosniff",
        "x-dns-prefetch-control": "off",
        "x-download-options": "noopen",
        "x-frame-options": "DENY",
        "x-permitted-cross-domain-policies": "none",
        "x-xss-protection": "0",
        "access-control-allow-origin": "http://localhost:3000",
        "vary": "Origin, Accept-Encoding",
        "access-control-allow-credentials": "true",
        "ratelimit-policy": "100;w=900",
        "ratelimit-limit": "100",
        "ratelimit-remaining": "39",
        "ratelimit-reset": "335",
        "content-type": "application/json; charset=utf-8",
        "etag": "W/\"1344-TMksWIff6LNOW3vwRJDfoxDJMtQ\"",
        "content-encoding": "br"
      }
    }
    [35mresponseTime[39m: 60
[2026-08-03 13:16:08.098 +0700] [32mINFO[39m: [36mrequest completed[39m
    [35mreq[39m: {
      "id": "3b6458d4-909c-4009-9876-81a8a2152da7",
      "method": "GET",
      "url": "/api/reports/overview",
      "query": {},
      "params": {},
      "headers": {
        "host": "localhost:3001",
        "connection": "keep-alive",
        "sec-ch-ua-platform": "\"Windows\"",
        "authorization": "[REDACTED]",
        "user-agent": "Mozilla/5.0 (Windows NT 10.0; Win64; x64) AppleWebKit/537.36 (KHTML, like Gecko) Chrome/150.0.0.0 Safari/537.36",
        "accept": "application/json, text/plain, */*",
        "sec-ch-ua": "\"Not;A=Brand\";v=\"8\", \"Chromium\";v=\"150\", \"Google Chrome\";v=\"150\"",
        "sec-ch-ua-mobile": "?0",
        "origin": "http://localhost:3000",
        "sec-fetch-site": "same-site",
        "sec-fetch-mode": "cors",
        "sec-fetch-dest": "empty",
        "referer": "http://localhost:3000/",
        "accept-encoding": "gzip, deflate, br, zstd",
        "accept-language": "en-US,en;q=0.9,id;q=0.8,ms;q=0.7",
        "if-none-match": "W/\"df8-gwl54Y/2tvnKfDez9TgiiwowI8M\""
      },
      "remoteAddress": "::1",
      "remotePort": 62522
    }
    [35mres[39m: {
      "statusCode": 200,
      "headers": {
        "content-security-policy": "default-src 'self';base-uri 'self';font-src 'self' https: data:;form-action 'self';frame-ancestors 'self';img-src 'self' data:;object-src 'none';script-src 'self';script-src-attr 'none';style-src 'self' https: 'unsafe-inline';upgrade-insecure-requests",
        "cross-origin-opener-policy": "same-origin",
        "cross-origin-resource-policy": "cross-origin",
        "origin-agent-cluster": "?1",
        "referrer-policy": "no-referrer",
        "strict-transport-security": "max-age=31536000; includeSubDomains",
        "x-content-type-options": "nosniff",
        "x-dns-prefetch-control": "off",
        "x-download-options": "noopen",
        "x-frame-options": "DENY",
        "x-permitted-cross-domain-policies": "none",
        "x-xss-protection": "0",
        "access-control-allow-origin": "http://localhost:3000",
        "vary": "Origin, Accept-Encoding",
        "access-control-allow-credentials": "true",
        "ratelimit-policy": "100;w=900",
        "ratelimit-limit": "100",
        "ratelimit-remaining": "37",
        "ratelimit-reset": "327",
        "content-type": "application/json; charset=utf-8",
        "etag": "W/\"df8-XcVDRircxHq1/lTMoejje8bb+xk\"",
        "content-encoding": "br"
      }
    }
    [35mresponseTime[39m: 36
[2026-08-03 13:16:10.614 +0700] [32mINFO[39m: [36mrequest completed[39m
    [35mreq[39m: {
      "id": "e2ab4ed5-0104-4a85-b6f7-1ee54e1ac72c",
      "method": "GET",
      "url": "/api/projects?limit=100",
      "query": {
        "limit": "100"
      },
      "params": {},
      "headers": {
        "host": "localhost:3001",
        "connection": "keep-alive",
        "sec-ch-ua-platform": "\"Windows\"",
        "authorization": "[REDACTED]",
        "user-agent": "Mozilla/5.0 (Windows NT 10.0; Win64; x64) AppleWebKit/537.36 (KHTML, like Gecko) Chrome/150.0.0.0 Safari/537.36",
        "accept": "application/json, text/plain, */*",
        "sec-ch-ua": "\"Not;A=Brand\";v=\"8\", \"Chromium\";v=\"150\", \"Google Chrome\";v=\"150\"",
        "sec-ch-ua-mobile": "?0",
        "origin": "http://localhost:3000",
        "sec-fetch-site": "same-site",
        "sec-fetch-mode": "cors",
        "sec-fetch-dest": "empty",
        "referer": "http://localhost:3000/",
        "accept-encoding": "gzip, deflate, br, zstd",
        "accept-language": "en-US,en;q=0.9,id;q=0.8,ms;q=0.7",
        "if-none-match": "W/\"399-xC7mSqDdA7v2MOrWatd/VfB/SsU\""
      },
      "remoteAddress": "::1",
      "remotePort": 62522
    }
    [35mres[39m: {
      "statusCode": 200,
      "headers": {
        "content-security-policy": "default-src 'self';base-uri 'self';font-src 'self' https: data:;form-action 'self';frame-ancestors 'self';img-src 'self' data:;object-src 'none';script-src 'self';script-src-attr 'none';style-src 'self' https: 'unsafe-inline';upgrade-insecure-requests",
        "cross-origin-opener-policy": "same-origin",
        "cross-origin-resource-policy": "cross-origin",
        "origin-agent-cluster": "?1",
        "referrer-policy": "no-referrer",
        "strict-transport-security": "max-age=31536000; includeSubDomains",
        "x-content-type-options": "nosniff",
        "x-dns-prefetch-control": "off",
        "x-download-options": "noopen",
        "x-frame-options": "DENY",
        "x-permitted-cross-domain-policies": "none",
        "x-xss-protection": "0",
        "access-control-allow-origin": "http://localhost:3000",
        "vary": "Origin, Accept-Encoding",
        "access-control-allow-credentials": "true",
        "ratelimit-policy": "100;w=900",
        "ratelimit-limit": "100",
        "ratelimit-remaining": "36",
        "ratelimit-reset": "325",
        "content-type": "application/json; charset=utf-8",
        "content-length": "921",
        "etag": "W/\"399-oHN788cmMzC6kP2OhmGQY1LEzwc\""
      }
    }
    [35mresponseTime[39m: 22
[2026-08-03 13:16:10.625 +0700] [32mINFO[39m: [36mrequest completed[39m
    [35mreq[39m: {
      "id": "4d3efc45-87f2-40ec-a500-9464e7690074",
      "method": "GET",
      "url": "/api/test-cases?page=1&limit=50",
      "query": {
        "page": "1",
        "limit": "50"
      },
      "params": {},
      "headers": {
        "host": "localhost:3001",
        "connection": "keep-alive",
        "sec-ch-ua-platform": "\"Windows\"",
        "authorization": "[REDACTED]",
        "user-agent": "Mozilla/5.0 (Windows NT 10.0; Win64; x64) AppleWebKit/537.36 (KHTML, like Gecko) Chrome/150.0.0.0 Safari/537.36",
        "accept": "application/json, text/plain, */*",
        "sec-ch-ua": "\"Not;A=Brand\";v=\"8\", \"Chromium\";v=\"150\", \"Google Chrome\";v=\"150\"",
        "sec-ch-ua-mobile": "?0",
        "origin": "http://localhost:3000",
        "sec-fetch-site": "same-site",
        "sec-fetch-mode": "cors",
        "sec-fetch-dest": "empty",
        "referer": "http://localhost:3000/",
        "accept-encoding": "gzip, deflate, br, zstd",
        "accept-language": "en-US,en;q=0.9,id;q=0.8,ms;q=0.7",
        "if-none-match": "W/\"b3e-FxV6UcG80l8U9jwcrlif1S6/mGQ\""
      },
      "remoteAddress": "::1",
      "remotePort": 54884
    }
    [35mres[39m: {
      "statusCode": 200,
      "headers": {
        "content-security-policy": "default-src 'self';base-uri 'self';font-src 'self' https: data:;form-action 'self';frame-ancestors 'self';img-src 'self' data:;object-src 'none';script-src 'self';script-src-attr 'none';style-src 'self' https: 'unsafe-inline';upgrade-insecure-requests",
        "cross-origin-opener-policy": "same-origin",
        "cross-origin-resource-policy": "cross-origin",
        "origin-agent-cluster": "?1",
        "referrer-policy": "no-referrer",
        "strict-transport-security": "max-age=31536000; includeSubDomains",
        "x-content-type-options": "nosniff",
        "x-dns-prefetch-control": "off",
        "x-download-options": "noopen",
        "x-frame-options": "DENY",
        "x-permitted-cross-domain-policies": "none",
        "x-xss-protection": "0",
        "access-control-allow-origin": "http://localhost:3000",
        "vary": "Origin, Accept-Encoding",
        "access-control-allow-credentials": "true",
        "ratelimit-policy": "100;w=900",
        "ratelimit-limit": "100",
        "ratelimit-remaining": "35",
        "ratelimit-reset": "325",
        "content-type": "application/json; charset=utf-8",
        "etag": "W/\"b3e-AC/69Yz03aHJVFvDdDLl1bYCzug\"",
        "content-encoding": "br"
      }
    }
    [35mresponseTime[39m: 28
[2026-08-03 13:16:11.528 +0700] [32mINFO[39m: [36mrequest completed[39m
    [35mreq[39m: {
      "id": "889bce18-996c-4c70-b29a-014978e313c2",
      "method": "GET",
      "url": "/api/projects?page=1&limit=100",
      "query": {
        "page": "1",
        "limit": "100"
      },
      "params": {},
      "headers": {
        "host": "localhost:3001",
        "connection": "keep-alive",
        "sec-ch-ua-platform": "\"Windows\"",
        "authorization": "[REDACTED]",
        "user-agent": "Mozilla/5.0 (Windows NT 10.0; Win64; x64) AppleWebKit/537.36 (KHTML, like Gecko) Chrome/150.0.0.0 Safari/537.36",
        "accept": "application/json, text/plain, */*",
        "sec-ch-ua": "\"Not;A=Brand\";v=\"8\", \"Chromium\";v=\"150\", \"Google Chrome\";v=\"150\"",
        "sec-ch-ua-mobile": "?0",
        "origin": "http://localhost:3000",
        "sec-fetch-site": "same-site",
        "sec-fetch-mode": "cors",
        "sec-fetch-dest": "empty",
        "referer": "http://localhost:3000/",
        "accept-encoding": "gzip, deflate, br, zstd",
        "accept-language": "en-US,en;q=0.9,id;q=0.8,ms;q=0.7",
        "if-none-match": "W/\"399-m+8UHCeZkt/YLbEuSe1IzXnsLRs\""
      },
      "remoteAddress": "::1",
      "remotePort": 62522
    }
    [35mres[39m: {
      "statusCode": 200,
      "headers": {
        "content-security-policy": "default-src 'self';base-uri 'self';font-src 'self' https: data:;form-action 'self';frame-ancestors 'self';img-src 'self' data:;object-src 'none';script-src 'self';script-src-attr 'none';style-src 'self' https: 'unsafe-inline';upgrade-insecure-requests",
        "cross-origin-opener-policy": "same-origin",
        "cross-origin-resource-policy": "cross-origin",
        "origin-agent-cluster": "?1",
        "referrer-policy": "no-referrer",
        "strict-transport-security": "max-age=31536000; includeSubDomains",
        "x-content-type-options": "nosniff",
        "x-dns-prefetch-control": "off",
        "x-download-options": "noopen",
        "x-frame-options": "DENY",
        "x-permitted-cross-domain-policies": "none",
        "x-xss-protection": "0",
        "access-control-allow-origin": "http://localhost:3000",
        "vary": "Origin, Accept-Encoding",
        "access-control-allow-credentials": "true",
        "ratelimit-policy": "100;w=900",
        "ratelimit-limit": "100",
        "ratelimit-remaining": "34",
        "ratelimit-reset": "324",
        "content-type": "application/json; charset=utf-8",
        "content-length": "921",
        "etag": "W/\"399-RtzwcnTYHYlYLmG8rzwkHuDs4yY\""
      }
    }
    [35mresponseTime[39m: 22
[2026-08-03 13:16:11.532 +0700] [32mINFO[39m: [36mrequest completed[39m
    [35mreq[39m: {
      "id": "87666eb1-e0bb-47c1-8494-45f2d72f6d9b",
      "method": "GET",
      "url": "/api/test-cases?page=1&limit=10&sortBy=createdAt&sortOrder=desc",
      "query": {
        "page": "1",
        "limit": "10",
        "sortBy": "createdAt",
        "sortOrder": "desc"
      },
      "params": {},
      "headers": {
        "host": "localhost:3001",
        "connection": "keep-alive",
        "sec-ch-ua-platform": "\"Windows\"",
        "authorization": "[REDACTED]",
        "user-agent": "Mozilla/5.0 (Windows NT 10.0; Win64; x64) AppleWebKit/537.36 (KHTML, like Gecko) Chrome/150.0.0.0 Safari/537.36",
        "accept": "application/json, text/plain, */*",
        "sec-ch-ua": "\"Not;A=Brand\";v=\"8\", \"Chromium\";v=\"150\", \"Google Chrome\";v=\"150\"",
        "sec-ch-ua-mobile": "?0",
        "origin": "http://localhost:3000",
        "sec-fetch-site": "same-site",
        "sec-fetch-mode": "cors",
        "sec-fetch-dest": "empty",
        "referer": "http://localhost:3000/",
        "accept-encoding": "gzip, deflate, br, zstd",
        "accept-language": "en-US,en;q=0.9,id;q=0.8,ms;q=0.7",
        "if-none-match": "W/\"b3e-EXp0emy4UdNC95glim+Nkuh+6Aw\""
      },
      "remoteAddress": "::1",
      "remotePort": 54884
    }
    [35mres[39m: {
      "statusCode": 200,
      "headers": {
        "content-security-policy": "default-src 'self';base-uri 'self';font-src 'self' https: data:;form-action 'self';frame-ancestors 'self';img-src 'self' data:;object-src 'none';script-src 'self';script-src-attr 'none';style-src 'self' https: 'unsafe-inline';upgrade-insecure-requests",
        "cross-origin-opener-policy": "same-origin",
        "cross-origin-resource-policy": "cross-origin",
        "origin-agent-cluster": "?1",
        "referrer-policy": "no-referrer",
        "strict-transport-security": "max-age=31536000; includeSubDomains",
        "x-content-type-options": "nosniff",
        "x-dns-prefetch-control": "off",
        "x-download-options": "noopen",
        "x-frame-options": "DENY",
        "x-permitted-cross-domain-policies": "none",
        "x-xss-protection": "0",
        "access-control-allow-origin": "http://localhost:3000",
        "vary": "Origin, Accept-Encoding",
        "access-control-allow-credentials": "true",
        "ratelimit-policy": "100;w=900",
        "ratelimit-limit": "100",
        "ratelimit-remaining": "33",
        "ratelimit-reset": "324",
        "content-type": "application/json; charset=utf-8",
        "etag": "W/\"b3e-E/c9k48Lw0X7sL35ANbYF5ZXa+o\"",
        "content-encoding": "br"
      }
    }
    [35mresponseTime[39m: 23
[2026-08-03 13:21:32.609 +0700] [32mINFO[39m: [36mrequest completed[39m
    [35mreq[39m: {
      "id": "290669e7-42e5-4000-b0cf-4f7ee4198df5",
      "method": "GET",
      "url": "/api/test-cases/code/TC-0006",
      "query": {},
      "params": {},
      "headers": {
        "host": "localhost:3001",
        "connection": "keep-alive",
        "sec-ch-ua-platform": "\"Windows\"",
        "authorization": "[REDACTED]",
        "user-agent": "Mozilla/5.0 (Windows NT 10.0; Win64; x64) AppleWebKit/537.36 (KHTML, like Gecko) Chrome/150.0.0.0 Safari/537.36",
        "accept": "application/json, text/plain, */*",
        "sec-ch-ua": "\"Not;A=Brand\";v=\"8\", \"Chromium\";v=\"150\", \"Google Chrome\";v=\"150\"",
        "sec-ch-ua-mobile": "?0",
        "origin": "http://localhost:3000",
        "sec-fetch-site": "same-site",
        "sec-fetch-mode": "cors",
        "sec-fetch-dest": "empty",
        "referer": "http://localhost:3000/",
        "accept-encoding": "gzip, deflate, br, zstd",
        "accept-language": "en-US,en;q=0.9,id;q=0.8,ms;q=0.7"
      },
      "remoteAddress": "::1",
      "remotePort": 49314
    }
    [35mres[39m: {
      "statusCode": 200,
      "headers": {
        "content-security-policy": "default-src 'self';base-uri 'self';font-src 'self' https: data:;form-action 'self';frame-ancestors 'self';img-src 'self' data:;object-src 'none';script-src 'self';script-src-attr 'none';style-src 'self' https: 'unsafe-inline';upgrade-insecure-requests",
        "cross-origin-opener-policy": "same-origin",
        "cross-origin-resource-policy": "cross-origin",
        "origin-agent-cluster": "?1",
        "referrer-policy": "no-referrer",
        "strict-transport-security": "max-age=31536000; includeSubDomains",
        "x-content-type-options": "nosniff",
        "x-dns-prefetch-control": "off",
        "x-download-options": "noopen",
        "x-frame-options": "DENY",
        "x-permitted-cross-domain-policies": "none",
        "x-xss-protection": "0",
        "access-control-allow-origin": "http://localhost:3000",
        "vary": "Origin, Accept-Encoding",
        "access-control-allow-credentials": "true",
        "ratelimit-policy": "100;w=900",
        "ratelimit-limit": "100",
        "ratelimit-remaining": "32",
        "ratelimit-reset": "3",
        "content-type": "application/json; charset=utf-8",
        "etag": "W/\"7aa-BpCXYQGQNi++dwj01dyQv6bMrGQ\"",
        "content-encoding": "br"
      }
    }
    [35mresponseTime[39m: 49
[2026-08-03 13:22:10.498 +0700] [32mINFO[39m: [36mrequest completed[39m
    [35mreq[39m: {
      "id": "fea28768-cdd5-41cb-8940-67bacd46afe3",
      "method": "GET",
      "url": "/api/projects?page=1&limit=100",
      "query": {
        "page": "1",
        "limit": "100"
      },
      "params": {},
      "headers": {
        "host": "localhost:3001",
        "connection": "keep-alive",
        "sec-ch-ua-platform": "\"Windows\"",
        "authorization": "[REDACTED]",
        "user-agent": "Mozilla/5.0 (Windows NT 10.0; Win64; x64) AppleWebKit/537.36 (KHTML, like Gecko) Chrome/150.0.0.0 Safari/537.36",
        "accept": "application/json, text/plain, */*",
        "sec-ch-ua": "\"Not;A=Brand\";v=\"8\", \"Chromium\";v=\"150\", \"Google Chrome\";v=\"150\"",
        "sec-ch-ua-mobile": "?0",
        "origin": "http://localhost:3000",
        "sec-fetch-site": "same-site",
        "sec-fetch-mode": "cors",
        "sec-fetch-dest": "empty",
        "referer": "http://localhost:3000/",
        "accept-encoding": "gzip, deflate, br, zstd",
        "accept-language": "en-US,en;q=0.9,id;q=0.8,ms;q=0.7",
        "if-none-match": "W/\"399-RtzwcnTYHYlYLmG8rzwkHuDs4yY\""
      },
      "remoteAddress": "::1",
      "remotePort": 52373
    }
    [35mres[39m: {
      "statusCode": 200,
      "headers": {
        "content-security-policy": "default-src 'self';base-uri 'self';font-src 'self' https: data:;form-action 'self';frame-ancestors 'self';img-src 'self' data:;object-src 'none';script-src 'self';script-src-attr 'none';style-src 'self' https: 'unsafe-inline';upgrade-insecure-requests",
        "cross-origin-opener-policy": "same-origin",
        "cross-origin-resource-policy": "cross-origin",
        "origin-agent-cluster": "?1",
        "referrer-policy": "no-referrer",
        "strict-transport-security": "max-age=31536000; includeSubDomains",
        "x-content-type-options": "nosniff",
        "x-dns-prefetch-control": "off",
        "x-download-options": "noopen",
        "x-frame-options": "DENY",
        "x-permitted-cross-domain-policies": "none",
        "x-xss-protection": "0",
        "access-control-allow-origin": "http://localhost:3000",
        "vary": "Origin, Accept-Encoding",
        "access-control-allow-credentials": "true",
        "ratelimit-policy": "100;w=900",
        "ratelimit-limit": "100",
        "ratelimit-remaining": "99",
        "ratelimit-reset": "900",
        "content-type": "application/json; charset=utf-8",
        "content-length": "921",
        "etag": "W/\"399-ehCi3oqLZYbxdOkJtMJNh8m8Zrk\""
      }
    }
    [35mresponseTime[39m: 40
[2026-08-03 13:22:10.515 +0700] [32mINFO[39m: [36mrequest completed[39m
    [35mreq[39m: {
      "id": "af7d07fc-f181-4b69-84b0-c613228925e5",
      "method": "GET",
      "url": "/api/test-cases?page=1&limit=10&sortBy=createdAt&sortOrder=desc",
      "query": {
        "page": "1",
        "limit": "10",
        "sortBy": "createdAt",
        "sortOrder": "desc"
      },
      "params": {},
      "headers": {
        "host": "localhost:3001",
        "connection": "keep-alive",
        "sec-ch-ua-platform": "\"Windows\"",
        "authorization": "[REDACTED]",
        "user-agent": "Mozilla/5.0 (Windows NT 10.0; Win64; x64) AppleWebKit/537.36 (KHTML, like Gecko) Chrome/150.0.0.0 Safari/537.36",
        "accept": "application/json, text/plain, */*",
        "sec-ch-ua": "\"Not;A=Brand\";v=\"8\", \"Chromium\";v=\"150\", \"Google Chrome\";v=\"150\"",
        "sec-ch-ua-mobile": "?0",
        "origin": "http://localhost:3000",
        "sec-fetch-site": "same-site",
        "sec-fetch-mode": "cors",
        "sec-fetch-dest": "empty",
        "referer": "http://localhost:3000/",
        "accept-encoding": "gzip, deflate, br, zstd",
        "accept-language": "en-US,en;q=0.9,id;q=0.8,ms;q=0.7",
        "if-none-match": "W/\"b3e-E/c9k48Lw0X7sL35ANbYF5ZXa+o\""
      },
      "remoteAddress": "::1",
      "remotePort": 51900
    }
    [35mres[39m: {
      "statusCode": 200,
      "headers": {
        "content-security-policy": "default-src 'self';base-uri 'self';font-src 'self' https: data:;form-action 'self';frame-ancestors 'self';img-src 'self' data:;object-src 'none';script-src 'self';script-src-attr 'none';style-src 'self' https: 'unsafe-inline';upgrade-insecure-requests",
        "cross-origin-opener-policy": "same-origin",
        "cross-origin-resource-policy": "cross-origin",
        "origin-agent-cluster": "?1",
        "referrer-policy": "no-referrer",
        "strict-transport-security": "max-age=31536000; includeSubDomains",
        "x-content-type-options": "nosniff",
        "x-dns-prefetch-control": "off",
        "x-download-options": "noopen",
        "x-frame-options": "DENY",
        "x-permitted-cross-domain-policies": "none",
        "x-xss-protection": "0",
        "access-control-allow-origin": "http://localhost:3000",
        "vary": "Origin, Accept-Encoding",
        "access-control-allow-credentials": "true",
        "ratelimit-policy": "100;w=900",
        "ratelimit-limit": "100",
        "ratelimit-remaining": "98",
        "ratelimit-reset": "900",
        "content-type": "application/json; charset=utf-8",
        "etag": "W/\"b3e-B07iAMSiVu657qT+jZdFk9+QSOs\"",
        "content-encoding": "br"
      }
    }
    [35mresponseTime[39m: 47
[ELIFECYCLE] Command failed with exit code 4294967295.
